Gen	Ram	Cpu	Peso	Robustez	Tiempo	
0	0.574219	-1.0	-1.0	-1.0	-1.0	
1	0.574219	1.0	-1.0	1.0	-1.0	
2	0.574219	1.0	-1.0	1.0	-1.0	
3	0.574219	1.0	-1.0	1.0	-1.0	
4	0.574219	1.0	-1.0	1.0	-1.0	
5	0.574219	1.0	-1.0	1.0	-1.0	
6	0.574219	1.0	-1.0	1.0	-1.0	
7	0.574219	1.0	-1.0	1.0	-1.0	
8	0.574219	1.0	-1.0	1.0	-1.0	
9	0.574219	1.0	-1.0	1.0	-1.0	
10	0.574219	1.0	-1.0	1.0	-1.0	
11	0.574219	1.0	-1.0	1.0	-1.0	
12	0.574219	1.0	-1.0	1.0	-1.0	
13	0.574219	1.0	-1.0	1.0	-1.0	
14	0.574219	1.0	-1.0	1.0	-1.0	
15	0.574219	1.0	-1.0	1.0	-1.0	
16	0.574219	1.0	-1.0	1.0	-1.0	
17	0.574219	1.0	-1.0	1.0	-1.0	
18	0.574219	1.0	-1.0	1.0	-1.0	
19	0.574219	1.0	-1.0	1.0	-1.0	
20	0.574219	1.0	-1.0	1.0	-1.0	
21	0.574219	1.0	-1.0	1.0	-1.0	
22	0.574219	1.0	-1.0	1.0	-1.0	
23	0.574219	1.0	-1.0	1.0	-1.0	
24	0.574219	1.0	-1.0	1.0	-1.0	
25	0.574219	1.0	-1.0	1.0	-1.0	
26	0.574219	1.0	-1.0	1.0	-1.0	
27	0.574219	1.0	-1.0	1.0	-1.0	
28	0.574219	1.0	-1.0	1.0	-1.0	
29	0.574219	1.0	-1.0	1.0	-1.0	
30	0.574219	1.0	-1.0	1.0	-1.0	
31	0.574219	1.0	-1.0	1.0	-1.0	
32	0.574219	1.0	-1.0	1.0	-1.0	
33	0.574219	1.0	-1.0	1.0	-1.0	
34	0.574219	1.0	-1.0	1.0	-1.0	
35	0.574219	1.0	-1.0	1.0	-1.0	
36	0.574219	1.0	-1.0	1.0	-1.0	
37	0.574219	1.0	-1.0	1.0	-1.0	
38	0.574219	1.0	-1.0	1.0	-1.0	
39	0.679688	1.0	-1.0	1.0	-1.0	
40	0.574219	1.0	-1.0	1.0	-1.0	
41	0.574219	1.0	-1.0	1.0	-1.0	
42	0.574219	1.0	-1.0	1.0	-1.0	
43	0.574219	1.0	-1.0	1.0	-1.0	
44	0.574219	1.0	-1.0	1.0	-1.0	
45	0.574219	1.0	-1.0	1.0	-1.0	
46	0.574219	1.0	-1.0	1.0	-1.0	
47	0.574219	1.0	-1.0	1.0	-1.0	
48	0.574219	1.0	-1.0	1.0	-1.0	
49	0.574219	1.0	-1.0	1.0	-1.0	
50	0.574219	1.0	-1.0	1.0	-1.0	
51	0.574219	1.0	-1.0	1.0	-1.0	
52	0.574219	1.0	-1.0	1.0	-1.0	
53	0.574219	1.0	-1.0	1.0	-1.0	
54	0.574219	1.0	-1.0	1.0	-1.0	
55	0.574219	1.0	-1.0	1.0	-1.0	
56	0.574219	1.0	-1.0	1.0	-1.0	
57	0.574219	1.0	-1.0	1.0	-1.0	
58	0.574219	1.0	-1.0	1.0	-1.0	
59	0.574219	1.0	-1.0	1.0	-1.0	
60	0.574219	1.0	-1.0	1.0	-1.0	
61	0.574219	1.0	-1.0	1.0	-1.0	
62	0.574219	1.0	-1.0	1.0	-1.0	
63	0.574219	1.0	-1.0	1.0	-1.0	
64	0.574219	1.0	-1.0	1.0	-1.0	
65	0.574219	1.0	-1.0	1.0	-1.0	
66	0.574219	1.0	-1.0	1.0	-1.0	
67	0.574219	1.0	-1.0	1.0	-1.0	
68	0.574219	1.0	-1.0	1.0	-1.0	
69	0.574219	1.0	-1.0	1.0	-1.0	
70	0.574219	1.0	-1.0	1.0	-1.0	
71	0.574219	1.0	-1.0	1.0	-1.0	
72	0.574219	1.0	-1.0	1.0	-1.0	
73	0.574219	1.0	-1.0	1.0	-1.0	
74	0.574219	1.0	-1.0	1.0	-1.0	
75	0.574219	1.0	-1.0	1.0	-1.0	
76	0.574219	1.0	-1.0	1.0	-1.0	
77	0.574219	1.0	-1.0	1.0	-1.0	
78	0.574219	1.0	-1.0	1.0	-1.0	
79	0.574219	1.0	-1.0	1.0	-1.0	
80	0.574219	1.0	-1.0	1.0	-1.0	
81	0.574219	1.0	-1.0	1.0	-1.0	
82	0.574219	1.0	-1.0	1.0	-1.0	
83	0.574219	1.0	-1.0	1.0	-1.0	
84	0.574219	1.0	-1.0	1.0	-1.0	
85	0.574219	1.0	-1.0	1.0	-1.0	
86	0.574219	1.0	-1.0	1.0	-1.0	
87	0.574219	1.0	-1.0	1.0	-1.0	
88	0.574219	1.0	-1.0	1.0	-1.0	
89	0.574219	1.0	-1.0	1.0	-1.0	
90	0.574219	1.0	-1.0	1.0	-1.0	
91	0.574219	1.0	-1.0	1.0	-1.0	
92	0.574219	1.0	-1.0	1.0	-1.0	
93	0.574219	1.0	-1.0	1.0	-1.0	
94	0.574219	1.0	-1.0	1.0	-1.0	
95	0.574219	1.0	-1.0	1.0	-1.0	
96	0.574219	1.0	-1.0	1.0	-1.0	
97	0.574219	1.0	-1.0	1.0	-1.0	
98	0.574219	1.0	-1.0	1.0	-1.0	
99	0.574219	1.0	-1.0	1.0	-1.0	
100	0.574219	1.0	-1.0	1.0	-1.0	
101	0.574219	1.0	-1.0	1.0	-1.0	
102	0.574219	1.0	-1.0	1.0	-1.0	
103	0.574219	1.0	-1.0	1.0	-1.0	
104	0.574219	1.0	-1.0	1.0	-1.0	
105	0.574219	1.0	-1.0	1.0	-1.0	
106	0.574219	1.0	-1.0	1.0	-1.0	
107	0.574219	1.0	-1.0	1.0	-1.0	
108	0.574219	1.0	-1.0	1.0	-1.0	
109	0.574219	1.0	-1.0	1.0	-1.0	
110	0.574219	1.0	-1.0	1.0	-1.0	
111	0.574219	1.0	-1.0	1.0	-1.0	
112	0.574219	1.0	-1.0	1.0	-1.0	
113	0.574219	1.0	-1.0	1.0	-1.0	
114	0.574219	1.0	-1.0	1.0	-1.0	
115	0.574219	1.0	-1.0	1.0	-1.0	
116	0.574219	1.0	-1.0	1.0	-1.0	
117	0.574219	1.0	-1.0	1.0	-1.0	
118	0.574219	1.0	-1.0	1.0	-1.0	
119	0.574219	1.0	-1.0	1.0	-1.0	
120	0.574219	1.0	-1.0	1.0	-1.0	
121	0.574219	1.0	-1.0	1.0	-1.0	
122	0.574219	1.0	-1.0	1.0	-1.0	
123	0.574219	1.0	-1.0	1.0	-1.0	
124	0.574219	1.0	-1.0	1.0	-1.0	
125	0.574219	1.0	-1.0	1.0	-1.0	
126	0.574219	1.0	-1.0	1.0	-1.0	
127	0.710938	1.0	-1.0	1.0	-1.0	
128	0.574219	1.0	-1.0	1.0	-1.0	
129	0.574219	1.0	-1.0	1.0	-1.0	
130	0.574219	1.0	-1.0	1.0	-1.0	
131	0.574219	1.0	-1.0	1.0	-1.0	
132	0.574219	1.0	-1.0	1.0	-1.0	
133	0.574219	1.0	-1.0	1.0	-1.0	
134	0.574219	1.0	-1.0	1.0	-1.0	
135	0.574219	1.0	-1.0	1.0	-1.0	
136	0.574219	1.0	-1.0	1.0	-1.0	
137	0.574219	1.0	-1.0	1.0	-1.0	
138	0.574219	1.0	-1.0	1.0	-1.0	
139	0.574219	1.0	-1.0	1.0	-1.0	
140	0.574219	1.0	-1.0	1.0	-1.0	
141	0.574219	1.0	-1.0	1.0	-1.0	
142	0.574219	1.0	-1.0	1.0	-1.0	
143	0.574219	1.0	-1.0	1.0	-1.0	
144	0.574219	1.0	-1.0	1.0	-1.0	
145	0.574219	1.0	-1.0	1.0	-1.0	
146	0.574219	1.0	-1.0	1.0	-1.0	
147	0.574219	1.0	-1.0	1.0	-1.0	
148	0.574219	1.0	-1.0	1.0	-1.0	
149	0.574219	1.0	-1.0	1.0	-1.0	
150	0.574219	1.0	-1.0	1.0	-1.0	
151	0.574219	1.0	-1.0	1.0	-1.0	
152	0.574219	1.0	-1.0	1.0	-1.0	
153	0.574219	1.0	-1.0	1.0	-1.0	
154	0.574219	1.0	-1.0	1.0	-1.0	
155	0.574219	1.0	-1.0	1.0	-1.0	
156	0.574219	1.0	-1.0	1.0	-1.0	
157	0.574219	1.0	-1.0	1.0	-1.0	
158	0.574219	1.0	-1.0	1.0	-1.0	
159	0.574219	1.0	-1.0	1.0	-1.0	
160	0.574219	1.0	-1.0	1.0	-1.0	
161	0.574219	1.0	-1.0	1.0	-1.0	
162	0.574219	1.0	-1.0	1.0	-1.0	
163	0.574219	1.0	-1.0	1.0	-1.0	
164	0.574219	1.0	-1.0	1.0	-1.0	
165	0.574219	1.0	-1.0	1.0	-1.0	
166	0.574219	1.0	-1.0	1.0	-1.0	
167	0.574219	1.0	-1.0	1.0	-1.0	
168	0.574219	1.0	-1.0	1.0	-1.0	
169	0.574219	1.0	-1.0	1.0	-1.0	
170	0.574219	1.0	-1.0	1.0	-1.0	
171	0.574219	1.0	-1.0	1.0	-1.0	
172	0.574219	1.0	-1.0	1.0	-1.0	
173	0.574219	1.0	-1.0	1.0	-1.0	
174	0.574219	1.0	-1.0	1.0	-1.0	
175	0.574219	1.0	-1.0	1.0	-1.0	
176	0.574219	1.0	-1.0	1.0	-1.0	
177	0.574219	1.0	-1.0	1.0	-1.0	
178	0.574219	1.0	-1.0	1.0	-1.0	
179	0.574219	1.0	-1.0	1.0	-1.0	
180	0.574219	1.0	-1.0	1.0	-1.0	
181	0.574219	1.0	-1.0	1.0	-1.0	
182	0.574219	1.0	-1.0	1.0	-1.0	
183	0.574219	1.0	-1.0	1.0	-1.0	
184	0.574219	1.0	-1.0	1.0	-1.0	
185	0.574219	1.0	-1.0	1.0	-1.0	
186	0.574219	1.0	-1.0	1.0	-1.0	
187	0.574219	1.0	-1.0	1.0	-1.0	
188	0.574219	1.0	-1.0	1.0	-1.0	
189	0.574219	1.0	-1.0	1.0	-1.0	
190	0.574219	1.0	-1.0	1.0	-1.0	
191	0.574219	1.0	-1.0	1.0	-1.0	
192	0.574219	1.0	-1.0	1.0	-1.0	
193	0.574219	1.0	-1.0	1.0	-1.0	
194	0.574219	1.0	-1.0	1.0	-1.0	
195	0.574219	1.0	-1.0	1.0	-1.0	
196	0.574219	1.0	-1.0	1.0	-1.0	
197	0.574219	1.0	-1.0	1.0	-1.0	
198	0.574219	1.0	-1.0	1.0	-1.0	
199	0.574219	1.0	-1.0	1.0	-1.0	
200	0.574219	1.0	-1.0	1.0	-1.0	
201	0.574219	1.0	-1.0	1.0	-1.0	
202	0.574219	1.0	-1.0	1.0	-1.0	
203	0.574219	1.0	-1.0	1.0	-1.0	
204	0.574219	1.0	-1.0	1.0	-1.0	
205	0.574219	1.0	-1.0	1.0	-1.0	
206	0.574219	1.0	-1.0	1.0	-1.0	
207	0.574219	1.0	-1.0	1.0	-1.0	
208	0.574219	1.0	-1.0	1.0	-1.0	
209	0.574219	1.0	-1.0	1.0	-1.0	
210	0.574219	1.0	-1.0	1.0	-1.0	
211	0.574219	1.0	-1.0	1.0	-1.0	
212	0.574219	1.0	-1.0	1.0	-1.0	
213	0.574219	1.0	-1.0	1.0	-1.0	
214	0.574219	1.0	-1.0	1.0	-1.0	
215	0.574219	1.0	-1.0	1.0	-1.0	
216	0.574219	1.0	-1.0	1.0	-1.0	
217	0.574219	1.0	-1.0	1.0	-1.0	
218	0.574219	1.0	-1.0	1.0	-1.0	
219	0.574219	1.0	-1.0	1.0	-1.0	
220	0.574219	1.0	-1.0	1.0	-1.0	
221	0.574219	1.0	-1.0	1.0	-1.0	
222	0.574219	1.0	-1.0	1.0	-1.0	
223	0.574219	1.0	-1.0	1.0	-1.0	
224	0.574219	1.0	-1.0	1.0	-1.0	
225	0.574219	1.0	-1.0	1.0	-1.0	
226	0.574219	1.0	-1.0	1.0	-1.0	
227	0.574219	1.0	-1.0	1.0	-1.0	
228	0.574219	1.0	-1.0	1.0	-1.0	
229	0.574219	1.0	-1.0	1.0	-1.0	
230	0.574219	1.0	-1.0	1.0	-1.0	
231	0.574219	1.0	-1.0	1.0	-1.0	
232	0.574219	1.0	-1.0	1.0	-1.0	
233	0.574219	1.0	-1.0	1.0	-1.0	
234	0.574219	1.0	-1.0	1.0	-1.0	
235	0.574219	1.0	-1.0	1.0	-1.0	
236	0.574219	1.0	-1.0	1.0	-1.0	
237	0.574219	1.0	-1.0	1.0	-1.0	
238	0.714844	1.0	-1.0	1.0	-1.0	
239	0.574219	1.0	-1.0	1.0	-1.0	
240	0.574219	1.0	-1.0	1.0	-1.0	
241	0.574219	1.0	-1.0	1.0	-1.0	
242	0.574219	1.0	-1.0	1.0	-1.0	
243	0.574219	1.0	-1.0	1.0	-1.0	
244	0.574219	1.0	-1.0	1.0	-1.0	
245	0.574219	1.0	-1.0	1.0	-1.0	
246	0.574219	1.0	-1.0	1.0	-1.0	
247	0.574219	1.0	-1.0	1.0	-1.0	
248	0.574219	1.0	-1.0	1.0	-1.0	
249	0.574219	1.0	-1.0	1.0	-1.0	
250	0.574219	1.0	-1.0	1.0	-1.0	
251	0.574219	1.0	-1.0	1.0	-1.0	
252	0.574219	1.0	-1.0	1.0	-1.0	
253	0.574219	1.0	-1.0	1.0	-1.0	
254	0.574219	1.0	-1.0	1.0	-1.0	
255	0.574219	1.0	-1.0	1.0	-1.0	
256	0.574219	1.0	-1.0	1.0	-1.0	
257	0.574219	1.0	-1.0	1.0	-1.0	
258	0.574219	1.0	-1.0	1.0	-1.0	
259	0.574219	1.0	-1.0	1.0	-1.0	
260	0.574219	1.0	-1.0	1.0	-1.0	
261	0.574219	1.0	-1.0	1.0	-1.0	
262	0.574219	1.0	-1.0	1.0	-1.0	
263	0.574219	1.0	-1.0	1.0	-1.0	
264	0.574219	1.0	-1.0	1.0	-1.0	
265	0.574219	1.0	-1.0	1.0	-1.0	
266	0.574219	1.0	-1.0	1.0	-1.0	
267	0.574219	1.0	-1.0	1.0	-1.0	
268	0.574219	1.0	-1.0	1.0	-1.0	
269	0.574219	1.0	-1.0	1.0	-1.0	
270	0.574219	1.0	-1.0	1.0	-1.0	
271	0.574219	1.0	-1.0	1.0	-1.0	
272	0.574219	1.0	-1.0	1.0	-1.0	
273	0.574219	1.0	-1.0	1.0	-1.0	
274	0.574219	1.0	-1.0	1.0	-1.0	
275	0.574219	1.0	-1.0	1.0	-1.0	
276	0.574219	1.0	-1.0	1.0	-1.0	
277	0.574219	1.0	-1.0	1.0	-1.0	
278	0.574219	1.0	-1.0	1.0	-1.0	
279	0.574219	1.0	-1.0	1.0	-1.0	
280	0.574219	1.0	-1.0	1.0	-1.0	
281	0.574219	1.0	-1.0	1.0	-1.0	
282	0.574219	1.0	-1.0	1.0	-1.0	
283	0.574219	1.0	-1.0	1.0	-1.0	
284	0.574219	1.0	-1.0	1.0	-1.0	
285	0.574219	1.0	-1.0	1.0	-1.0	
286	0.574219	1.0	-1.0	1.0	-1.0	
287	0.574219	1.0	-1.0	1.0	-1.0	
288	0.574219	1.0	-1.0	1.0	-1.0	
289	0.574219	1.0	-1.0	1.0	-1.0	
290	0.574219	1.0	-1.0	1.0	-1.0	
291	0.574219	1.0	-1.0	1.0	-1.0	
292	0.574219	1.0	-1.0	1.0	-1.0	
293	0.574219	1.0	-1.0	1.0	-1.0	
294	0.574219	1.0	-1.0	1.0	-1.0	
295	0.574219	1.0	-1.0	1.0	-1.0	
296	0.574219	1.0	-1.0	1.0	-1.0	
297	0.574219	1.0	-1.0	1.0	-1.0	
298	0.574219	1.0	-1.0	1.0	-1.0	
299	0.574219	1.0	-1.0	1.0	-1.0	
300	0.574219	1.0	-1.0	1.0	-1.0	
301	0.574219	1.0	-1.0	1.0	-1.0	
302	0.574219	1.0	-1.0	1.0	-1.0	
303	0.574219	1.0	-1.0	1.0	-1.0	
304	0.574219	1.0	-1.0	1.0	-1.0	
305	0.574219	1.0	-1.0	1.0	-1.0	
306	0.574219	1.0	-1.0	1.0	-1.0	
307	0.574219	1.0	-1.0	1.0	-1.0	
308	0.574219	1.0	-1.0	1.0	-1.0	
309	0.574219	1.0	-1.0	1.0	-1.0	
310	0.574219	1.0	-1.0	1.0	-1.0	
311	0.574219	1.0	-1.0	1.0	-1.0	
312	0.574219	1.0	-1.0	1.0	-1.0	
313	0.574219	1.0	-1.0	1.0	-1.0	
314	0.574219	1.0	-1.0	1.0	-1.0	
315	0.574219	1.0	-1.0	1.0	-1.0	
316	0.574219	1.0	-1.0	1.0	-1.0	
317	0.574219	1.0	-1.0	1.0	-1.0	
318	0.574219	1.0	-1.0	1.0	-1.0	
319	0.574219	1.0	-1.0	1.0	-1.0	
320	0.574219	1.0	-1.0	1.0	-1.0	
321	0.574219	1.0	-1.0	1.0	-1.0	
322	0.574219	1.0	-1.0	1.0	-1.0	
323	0.574219	1.0	-1.0	1.0	-1.0	
324	0.574219	1.0	-1.0	1.0	-1.0	
325	0.574219	1.0	-1.0	1.0	-1.0	
326	0.574219	1.0	-1.0	1.0	-1.0	
327	0.574219	1.0	-1.0	1.0	-1.0	
328	0.574219	1.0	-1.0	1.0	-1.0	
329	0.574219	1.0	-1.0	1.0	-1.0	
330	0.574219	1.0	-1.0	1.0	-1.0	
331	0.574219	1.0	-1.0	1.0	-1.0	
332	0.574219	1.0	-1.0	1.0	-1.0	
333	0.574219	1.0	-1.0	1.0	-1.0	
334	0.574219	1.0	-1.0	1.0	-1.0	
335	0.574219	1.0	-1.0	1.0	-1.0	
336	0.574219	1.0	-1.0	1.0	-1.0	
337	0.574219	1.0	-1.0	1.0	-1.0	
338	0.574219	1.0	-1.0	1.0	-1.0	
339	0.574219	1.0	-1.0	1.0	-1.0	
340	0.574219	1.0	-1.0	1.0	-1.0	
341	0.574219	1.0	-1.0	1.0	-1.0	
342	0.574219	1.0	-1.0	1.0	-1.0	
343	0.574219	1.0	-1.0	1.0	-1.0	
344	0.574219	1.0	-1.0	1.0	-1.0	
345	0.574219	1.0	-1.0	1.0	-1.0	
346	0.574219	1.0	-1.0	1.0	-1.0	
347	0.574219	1.0	-1.0	1.0	-1.0	
348	0.574219	1.0	-1.0	1.0	-1.0	
349	0.574219	1.0	-1.0	1.0	-1.0	
350	0.574219	1.0	-1.0	1.0	-1.0	
351	0.574219	1.0	-1.0	1.0	-1.0	
352	0.574219	1.0	-1.0	1.0	-1.0	
353	0.574219	1.0	-1.0	1.0	-1.0	
354	0.574219	1.0	-1.0	1.0	-1.0	
355	0.574219	1.0	-1.0	1.0	-1.0	
356	0.574219	1.0	-1.0	1.0	-1.0	
357	0.574219	1.0	-1.0	1.0	-1.0	
358	0.574219	1.0	-1.0	1.0	-1.0	
359	0.574219	1.0	-1.0	1.0	-1.0	
360	0.574219	1.0	-1.0	1.0	-1.0	
361	0.574219	1.0	-1.0	1.0	-1.0	
362	0.574219	1.0	-1.0	1.0	-1.0	
363	0.574219	1.0	-1.0	1.0	-1.0	
364	0.574219	1.0	-1.0	1.0	-1.0	
365	0.574219	1.0	-1.0	1.0	-1.0	
366	0.574219	1.0	-1.0	1.0	-1.0	
367	0.574219	1.0	-1.0	1.0	-1.0	
368	0.574219	1.0	-1.0	1.0	-1.0	
369	0.574219	1.0	-1.0	1.0	-1.0	
370	0.574219	1.0	-1.0	1.0	-1.0	
371	0.574219	1.0	-1.0	1.0	-1.0	
372	0.574219	1.0	-1.0	1.0	-1.0	
373	0.574219	1.0	-1.0	1.0	-1.0	
374	0.574219	1.0	-1.0	1.0	-1.0	
375	0.574219	1.0	-1.0	1.0	-1.0	
376	0.574219	1.0	-1.0	1.0	-1.0	
377	0.574219	1.0	-1.0	1.0	-1.0	
378	0.574219	1.0	-1.0	1.0	-1.0	
379	0.574219	1.0	-1.0	1.0	-1.0	
380	0.574219	1.0	-1.0	1.0	-1.0	
381	0.574219	1.0	-1.0	1.0	-1.0	
382	0.574219	1.0	-1.0	1.0	-1.0	
383	0.574219	1.0	-1.0	1.0	-1.0	
384	0.574219	1.0	-1.0	1.0	-1.0	
385	0.574219	1.0	-1.0	1.0	-1.0	
386	0.574219	1.0	-1.0	1.0	-1.0	
387	0.574219	1.0	-1.0	1.0	-1.0	
388	0.574219	1.0	-1.0	1.0	-1.0	
389	0.574219	1.0	-1.0	1.0	-1.0	
390	0.574219	1.0	-1.0	1.0	-1.0	
391	0.574219	1.0	-1.0	1.0	-1.0	
392	0.574219	1.0	-1.0	1.0	-1.0	
393	0.574219	1.0	-1.0	1.0	-1.0	
394	0.574219	1.0	-1.0	1.0	-1.0	
395	0.574219	1.0	-1.0	1.0	-1.0	
396	0.574219	1.0	-1.0	1.0	-1.0	
397	0.574219	1.0	-1.0	1.0	-1.0	
398	0.574219	1.0	-1.0	1.0	-1.0	
399	0.574219	1.0	-1.0	1.0	-1.0	
400	0.574219	1.0	-1.0	1.0	-1.0	
401	0.574219	1.0	-1.0	1.0	-1.0	
402	0.574219	1.0	-1.0	1.0	-1.0	
403	0.574219	1.0	-1.0	1.0	-1.0	
404	0.574219	1.0	-1.0	1.0	-1.0	
405	0.574219	1.0	-1.0	1.0	-1.0	
406	0.574219	1.0	-1.0	1.0	-1.0	
407	0.574219	1.0	-1.0	1.0	-1.0	
408	0.574219	1.0	-1.0	1.0	-1.0	
409	0.574219	1.0	-1.0	1.0	-1.0	
410	0.574219	1.0	-1.0	1.0	-1.0	
411	0.574219	1.0	-1.0	1.0	-1.0	
412	0.574219	1.0	-1.0	1.0	-1.0	
413	0.574219	1.0	-1.0	1.0	-1.0	
414	0.574219	1.0	-1.0	1.0	-1.0	
415	0.574219	1.0	-1.0	1.0	-1.0	
416	0.574219	1.0	-1.0	1.0	-1.0	
417	0.574219	1.0	-1.0	1.0	-1.0	
418	0.574219	1.0	-1.0	1.0	-1.0	
419	0.574219	1.0	-1.0	1.0	-1.0	
420	0.574219	1.0	-1.0	1.0	-1.0	
421	0.574219	1.0	-1.0	1.0	-1.0	
422	0.574219	1.0	-1.0	1.0	-1.0	
423	0.574219	1.0	-1.0	1.0	-1.0	
424	0.574219	1.0	-1.0	1.0	-1.0	
425	0.574219	1.0	-1.0	1.0	-1.0	
426	0.574219	1.0	-1.0	1.0	-1.0	
427	0.574219	1.0	-1.0	1.0	-1.0	
428	0.574219	1.0	-1.0	1.0	-1.0	
429	0.574219	1.0	-1.0	1.0	-1.0	
430	0.574219	1.0	-1.0	1.0	-1.0	
431	0.574219	1.0	-1.0	1.0	-1.0	
432	0.574219	1.0	-1.0	1.0	-1.0	
433	0.574219	1.0	-1.0	1.0	-1.0	
434	0.574219	1.0	-1.0	1.0	-1.0	
435	0.574219	1.0	-1.0	1.0	-1.0	
436	0.574219	1.0	-1.0	1.0	-1.0	
437	0.574219	1.0	-1.0	1.0	-1.0	
438	0.574219	1.0	-1.0	1.0	-1.0	
439	0.574219	1.0	-1.0	1.0	-1.0	
440	0.574219	1.0	-1.0	1.0	-1.0	
441	0.574219	1.0	-1.0	1.0	-1.0	
442	0.574219	1.0	-1.0	1.0	-1.0	
443	0.574219	1.0	-1.0	1.0	-1.0	
444	0.574219	1.0	-1.0	1.0	-1.0	
445	0.574219	1.0	-1.0	1.0	-1.0	
446	0.574219	1.0	-1.0	1.0	-1.0	
447	0.574219	1.0	-1.0	1.0	-1.0	
448	0.574219	1.0	-1.0	1.0	-1.0	
449	0.574219	1.0	-1.0	1.0	-1.0	
450	0.574219	1.0	-1.0	1.0	-1.0	
451	0.574219	1.0	-1.0	1.0	-1.0	
452	0.574219	1.0	-1.0	1.0	-1.0	
453	0.574219	1.0	-1.0	1.0	-1.0	
454	0.574219	1.0	-1.0	1.0	-1.0	
455	0.574219	1.0	-1.0	1.0	-1.0	
456	0.574219	1.0	-1.0	1.0	-1.0	
457	0.574219	1.0	-1.0	1.0	-1.0	
458	0.574219	1.0	-1.0	1.0	-1.0	
459	0.574219	1.0	-1.0	1.0	-1.0	
460	0.617188	1.0	-1.0	1.0	-1.0	
461	0.574219	1.0	-1.0	1.0	-1.0	
462	0.574219	1.0	-1.0	1.0	-1.0	
463	0.574219	1.0	-1.0	1.0	-1.0	
464	0.574219	1.0	-1.0	1.0	-1.0	
465	0.574219	1.0	-1.0	1.0	-1.0	
466	0.574219	1.0	-1.0	1.0	-1.0	
467	0.574219	1.0	-1.0	1.0	-1.0	
468	0.574219	1.0	-1.0	1.0	-1.0	
469	0.574219	1.0	-1.0	1.0	-1.0	
470	0.574219	1.0	-1.0	1.0	-1.0	
471	0.574219	1.0	-1.0	1.0	-1.0	
472	0.574219	1.0	-1.0	1.0	-1.0	
473	0.574219	1.0	-1.0	1.0	-1.0	
474	0.574219	1.0	-1.0	1.0	-1.0	
475	0.574219	1.0	-1.0	1.0	-1.0	
476	0.574219	1.0	-1.0	1.0	-1.0	
477	0.574219	1.0	-1.0	1.0	-1.0	
478	0.574219	1.0	-1.0	1.0	-1.0	
479	0.574219	1.0	-1.0	1.0	-1.0	
480	0.574219	1.0	-1.0	1.0	-1.0	
481	0.574219	1.0	-1.0	1.0	-1.0	
482	0.574219	1.0	-1.0	1.0	-1.0	
483	0.574219	1.0	-1.0	1.0	-1.0	
484	0.574219	1.0	-1.0	1.0	-1.0	
485	0.574219	1.0	-1.0	1.0	-1.0	
486	0.574219	1.0	-1.0	1.0	-1.0	
487	0.574219	1.0	-1.0	1.0	-1.0	
488	0.574219	1.0	-1.0	1.0	-1.0	
489	0.574219	1.0	-1.0	1.0	-1.0	
490	0.574219	1.0	-1.0	1.0	-1.0	
491	0.574219	1.0	-1.0	1.0	-1.0	
492	0.574219	1.0	-1.0	1.0	-1.0	
493	0.574219	1.0	-1.0	1.0	-1.0	
494	0.574219	1.0	-1.0	1.0	-1.0	
495	0.574219	1.0	-1.0	1.0	-1.0	
496	0.574219	1.0	-1.0	1.0	-1.0	
497	0.574219	1.0	-1.0	1.0	-1.0	
498	0.574219	1.0	-1.0	1.0	-1.0	
499	0.574219	1.0	-1.0	1.0	-1.0	
500	0.574219	1.0	-1.0	1.0	-1.0	
501	0.574219	1.0	-1.0	1.0	-1.0	
502	0.574219	1.0	-1.0	1.0	-1.0	
503	0.574219	1.0	-1.0	1.0	-1.0	
504	0.574219	1.0	-1.0	1.0	-1.0	
505	0.574219	1.0	-1.0	1.0	-1.0	
506	0.648438	1.0	-1.0	1.0	-1.0	
507	0.574219	1.0	-1.0	1.0	-1.0	
508	0.574219	1.0	-1.0	1.0	-1.0	
509	0.574219	1.0	-1.0	1.0	-1.0	
510	0.574219	1.0	-1.0	1.0	-1.0	
511	0.574219	1.0	-1.0	1.0	-1.0	
512	0.574219	1.0	-1.0	1.0	-1.0	
513	0.574219	1.0	-1.0	1.0	-1.0	
514	0.574219	1.0	-1.0	1.0	-1.0	
515	0.574219	1.0	-1.0	1.0	-1.0	
516	0.574219	1.0	-1.0	1.0	-1.0	
517	0.574219	1.0	-1.0	1.0	-1.0	
518	0.574219	1.0	-1.0	1.0	-1.0	
519	0.574219	1.0	-1.0	1.0	-1.0	
520	0.574219	1.0	-1.0	1.0	-1.0	
521	0.574219	1.0	-1.0	1.0	-1.0	
522	0.574219	1.0	-1.0	1.0	-1.0	
523	0.574219	1.0	-1.0	1.0	-1.0	
524	0.574219	1.0	-1.0	1.0	-1.0	
525	0.574219	1.0	-1.0	1.0	-1.0	
526	0.574219	1.0	-1.0	1.0	-1.0	
527	0.574219	1.0	-1.0	1.0	-1.0	
528	0.574219	1.0	-1.0	1.0	-1.0	
529	0.574219	1.0	-1.0	1.0	-1.0	
530	0.574219	1.0	-1.0	1.0	-1.0	
531	0.574219	1.0	-1.0	1.0	-1.0	
532	0.574219	1.0	-1.0	1.0	-1.0	
533	0.574219	1.0	-1.0	1.0	-1.0	
534	0.574219	1.0	-1.0	1.0	-1.0	
535	0.574219	1.0	-1.0	1.0	-1.0	
536	0.574219	1.0	-1.0	1.0	-1.0	
537	0.574219	1.0	-1.0	1.0	-1.0	
538	0.574219	1.0	-1.0	1.0	-1.0	
539	0.574219	1.0	-1.0	1.0	-1.0	
540	0.574219	1.0	-1.0	1.0	-1.0	
541	0.574219	1.0	-1.0	1.0	-1.0	
542	0.574219	1.0	-1.0	1.0	-1.0	
543	0.574219	1.0	-1.0	1.0	-1.0	
544	0.574219	1.0	-1.0	1.0	-1.0	
545	0.574219	1.0	-1.0	1.0	-1.0	
546	0.574219	1.0	-1.0	1.0	-1.0	
547	0.574219	1.0	-1.0	1.0	-1.0	
548	0.574219	1.0	-1.0	1.0	-1.0	
549	0.574219	1.0	-1.0	1.0	-1.0	
550	0.574219	1.0	-1.0	1.0	-1.0	
551	0.574219	1.0	-1.0	1.0	-1.0	
552	0.574219	1.0	-1.0	1.0	-1.0	
553	0.574219	1.0	-1.0	1.0	-1.0	
554	0.574219	1.0	-1.0	1.0	-1.0	
555	0.574219	1.0	-1.0	1.0	-1.0	
556	0.574219	1.0	-1.0	1.0	-1.0	
557	0.574219	1.0	-1.0	1.0	-1.0	
558	0.574219	1.0	-1.0	1.0	-1.0	
559	0.574219	1.0	-1.0	1.0	-1.0	
560	0.574219	1.0	-1.0	1.0	-1.0	
561	0.574219	1.0	-1.0	1.0	-1.0	
562	0.574219	1.0	-1.0	1.0	-1.0	
563	0.574219	1.0	-1.0	1.0	-1.0	
564	0.574219	1.0	-1.0	1.0	-1.0	
565	0.574219	1.0	-1.0	1.0	-1.0	
566	0.574219	1.0	-1.0	1.0	-1.0	
567	0.574219	1.0	-1.0	1.0	-1.0	
568	0.574219	1.0	-1.0	1.0	-1.0	
569	0.574219	1.0	-1.0	1.0	-1.0	
570	0.574219	1.0	-1.0	1.0	-1.0	
571	0.574219	1.0	-1.0	1.0	-1.0	
572	0.574219	1.0	-1.0	1.0	-1.0	
573	0.574219	1.0	-1.0	1.0	-1.0	
574	0.574219	1.0	-1.0	1.0	-1.0	
575	0.574219	1.0	-1.0	1.0	-1.0	
576	0.574219	1.0	-1.0	1.0	-1.0	
577	0.574219	1.0	-1.0	1.0	-1.0	
578	0.574219	1.0	-1.0	1.0	-1.0	
579	0.574219	1.0	-1.0	1.0	-1.0	
580	0.574219	1.0	-1.0	1.0	-1.0	
581	0.574219	1.0	-1.0	1.0	-1.0	
582	0.574219	1.0	-1.0	1.0	-1.0	
583	0.574219	1.0	-1.0	1.0	-1.0	
584	0.574219	1.0	-1.0	1.0	-1.0	
585	0.574219	1.0	-1.0	1.0	-1.0	
586	0.574219	1.0	-1.0	1.0	-1.0	
587	0.574219	1.0	-1.0	1.0	-1.0	
588	0.574219	1.0	-1.0	1.0	-1.0	
589	0.574219	1.0	-1.0	1.0	-1.0	
590	0.574219	1.0	-1.0	1.0	-1.0	
591	0.574219	1.0	-1.0	1.0	-1.0	
592	0.574219	1.0	-1.0	1.0	-1.0	
593	0.574219	1.0	-1.0	1.0	-1.0	
594	0.574219	1.0	-1.0	1.0	-1.0	
595	0.574219	1.0	-1.0	1.0	-1.0	
596	0.574219	1.0	-1.0	1.0	-1.0	
597	0.574219	1.0	-1.0	1.0	-1.0	
598	0.574219	1.0	-1.0	1.0	-1.0	
599	0.574219	1.0	-1.0	1.0	-1.0	
600	0.574219	1.0	-1.0	1.0	-1.0	
601	0.574219	1.0	-1.0	1.0	-1.0	
602	0.574219	1.0	-1.0	1.0	-1.0	
603	0.574219	1.0	-1.0	1.0	-1.0	
604	0.574219	1.0	-1.0	1.0	-1.0	
605	0.574219	1.0	-1.0	1.0	-1.0	
606	0.574219	1.0	-1.0	1.0	-1.0	
607	0.574219	1.0	-1.0	1.0	-1.0	
608	0.574219	1.0	-1.0	1.0	-1.0	
609	0.574219	1.0	-1.0	1.0	-1.0	
610	0.574219	1.0	-1.0	1.0	-1.0	
611	0.574219	1.0	-1.0	1.0	-1.0	
612	0.574219	1.0	-1.0	1.0	-1.0	
613	0.574219	1.0	-1.0	1.0	-1.0	
614	0.574219	1.0	-1.0	1.0	-1.0	
615	0.574219	1.0	-1.0	1.0	-1.0	
616	0.574219	1.0	-1.0	1.0	-1.0	
617	0.574219	1.0	-1.0	1.0	-1.0	
618	0.574219	1.0	-1.0	1.0	-1.0	
619	0.574219	1.0	-1.0	1.0	-1.0	
620	0.574219	1.0	-1.0	1.0	-1.0	
621	0.574219	1.0	-1.0	1.0	-1.0	
622	0.574219	1.0	-1.0	1.0	-1.0	
623	0.574219	1.0	-1.0	1.0	-1.0	
624	0.574219	1.0	-1.0	1.0	-1.0	
625	0.574219	1.0	-1.0	1.0	-1.0	
626	0.574219	1.0	-1.0	1.0	-1.0	
627	0.574219	1.0	-1.0	1.0	-1.0	
628	0.574219	1.0	-1.0	1.0	-1.0	
629	0.574219	1.0	-1.0	1.0	-1.0	
630	0.574219	1.0	-1.0	1.0	-1.0	
631	0.574219	1.0	-1.0	1.0	-1.0	
632	0.574219	1.0	-1.0	1.0	-1.0	
633	0.574219	1.0	-1.0	1.0	-1.0	
634	0.574219	1.0	-1.0	1.0	-1.0	
635	0.574219	1.0	-1.0	1.0	-1.0	
636	0.574219	1.0	-1.0	1.0	-1.0	
637	0.574219	1.0	-1.0	1.0	-1.0	
638	0.574219	1.0	-1.0	1.0	-1.0	
639	0.574219	1.0	-1.0	1.0	-1.0	
640	0.574219	1.0	-1.0	1.0	-1.0	
641	0.574219	1.0	-1.0	1.0	-1.0	
642	0.574219	1.0	-1.0	1.0	-1.0	
643	0.574219	1.0	-1.0	1.0	-1.0	
644	0.574219	1.0	-1.0	1.0	-1.0	
645	0.574219	1.0	-1.0	1.0	-1.0	
646	0.574219	1.0	-1.0	1.0	-1.0	
647	0.574219	1.0	-1.0	1.0	-1.0	
648	0.574219	1.0	-1.0	1.0	-1.0	
649	0.574219	1.0	-1.0	1.0	-1.0	
650	0.574219	1.0	-1.0	1.0	-1.0	
651	0.574219	1.0	-1.0	1.0	-1.0	
652	0.574219	1.0	-1.0	1.0	-1.0	
653	0.574219	1.0	-1.0	1.0	-1.0	
654	0.574219	1.0	-1.0	1.0	-1.0	
655	0.574219	1.0	-1.0	1.0	-1.0	
656	0.574219	1.0	-1.0	1.0	-1.0	
657	0.574219	1.0	-1.0	1.0	-1.0	
658	0.574219	1.0	-1.0	1.0	-1.0	
659	0.574219	1.0	-1.0	1.0	-1.0	
660	0.574219	1.0	-1.0	1.0	-1.0	
661	0.574219	1.0	-1.0	1.0	-1.0	
662	0.574219	1.0	-1.0	1.0	-1.0	
663	0.574219	1.0	-1.0	1.0	-1.0	
664	0.574219	1.0	-1.0	1.0	-1.0	
665	0.574219	1.0	-1.0	1.0	-1.0	
666	0.574219	1.0	-1.0	1.0	-1.0	
667	0.574219	1.0	-1.0	1.0	-1.0	
668	0.574219	1.0	-1.0	1.0	-1.0	
669	0.574219	1.0	-1.0	1.0	-1.0	
670	0.574219	1.0	-1.0	1.0	-1.0	
671	0.574219	1.0	-1.0	1.0	-1.0	
672	0.574219	1.0	-1.0	1.0	-1.0	
673	0.574219	1.0	-1.0	1.0	-1.0	
674	0.574219	1.0	-1.0	1.0	-1.0	
675	0.574219	1.0	-1.0	1.0	-1.0	
676	0.574219	1.0	-1.0	1.0	-1.0	
677	0.574219	1.0	-1.0	1.0	-1.0	
678	0.574219	1.0	-1.0	1.0	-1.0	
679	0.574219	1.0	-1.0	1.0	-1.0	
680	0.574219	1.0	-1.0	1.0	-1.0	
681	0.574219	1.0	-1.0	1.0	-1.0	
682	0.574219	1.0	-1.0	1.0	-1.0	
683	0.574219	1.0	-1.0	1.0	-1.0	
684	0.574219	1.0	-1.0	1.0	-1.0	
685	0.574219	1.0	-1.0	1.0	-1.0	
686	0.574219	1.0	-1.0	1.0	-1.0	
687	0.574219	1.0	-1.0	1.0	-1.0	
688	0.574219	1.0	-1.0	1.0	-1.0	
689	0.574219	1.0	-1.0	1.0	-1.0	
690	0.574219	1.0	-1.0	1.0	-1.0	
691	0.574219	1.0	-1.0	1.0	-1.0	
692	0.574219	1.0	-1.0	1.0	-1.0	
693	0.574219	1.0	-1.0	1.0	-1.0	
694	0.574219	1.0	-1.0	1.0	-1.0	
695	0.574219	1.0	-1.0	1.0	-1.0	
696	0.574219	1.0	-1.0	1.0	-1.0	
697	0.574219	1.0	-1.0	1.0	-1.0	
698	0.574219	1.0	-1.0	1.0	-1.0	
699	0.574219	1.0	-1.0	1.0	-1.0	
700	0.574219	1.0	-1.0	1.0	-1.0	
701	0.574219	1.0	-1.0	1.0	-1.0	
702	0.574219	1.0	-1.0	1.0	-1.0	
703	0.574219	1.0	-1.0	1.0	-1.0	
704	0.574219	1.0	-1.0	1.0	-1.0	
705	0.574219	1.0	-1.0	1.0	-1.0	
706	0.574219	1.0	-1.0	1.0	-1.0	
707	0.574219	1.0	-1.0	1.0	-1.0	
708	0.574219	1.0	-1.0	1.0	-1.0	
709	0.574219	1.0	-1.0	1.0	-1.0	
710	0.574219	1.0	-1.0	1.0	-1.0	
711	0.574219	1.0	-1.0	1.0	-1.0	
712	0.574219	1.0	-1.0	1.0	-1.0	
713	0.574219	1.0	-1.0	1.0	-1.0	
714	0.574219	1.0	-1.0	1.0	-1.0	
715	0.574219	1.0	-1.0	1.0	-1.0	
716	0.574219	1.0	-1.0	1.0	-1.0	
717	0.574219	1.0	-1.0	1.0	-1.0	
718	0.574219	1.0	-1.0	1.0	-1.0	
719	0.574219	1.0	-1.0	1.0	-1.0	
720	0.574219	1.0	-1.0	1.0	-1.0	
721	0.574219	1.0	-1.0	1.0	-1.0	
722	0.574219	1.0	-1.0	1.0	-1.0	
723	0.574219	1.0	-1.0	1.0	-1.0	
724	0.574219	1.0	-1.0	1.0	-1.0	
725	0.574219	1.0	-1.0	1.0	-1.0	
726	0.574219	1.0	-1.0	1.0	-1.0	
727	0.574219	1.0	-1.0	1.0	-1.0	
728	0.574219	1.0	-1.0	1.0	-1.0	
729	0.574219	1.0	-1.0	1.0	-1.0	
730	0.574219	1.0	-1.0	1.0	-1.0	
731	0.574219	1.0	-1.0	1.0	-1.0	
732	0.574219	1.0	-1.0	1.0	-1.0	
733	0.574219	1.0	-1.0	1.0	-1.0	
734	0.574219	1.0	-1.0	1.0	-1.0	
735	0.574219	1.0	-1.0	1.0	-1.0	
736	0.574219	1.0	-1.0	1.0	-1.0	
737	0.574219	1.0	-1.0	1.0	-1.0	
738	0.574219	1.0	-1.0	1.0	-1.0	
739	0.574219	1.0	-1.0	1.0	-1.0	
740	0.574219	1.0	-1.0	1.0	-1.0	
741	0.574219	1.0	-1.0	1.0	-1.0	
742	0.574219	1.0	-1.0	1.0	-1.0	
743	0.574219	1.0	-1.0	1.0	-1.0	
744	0.574219	1.0	-1.0	1.0	-1.0	
745	0.574219	1.0	-1.0	1.0	-1.0	
746	0.574219	1.0	-1.0	1.0	-1.0	
747	0.574219	1.0	-1.0	1.0	-1.0	
748	0.574219	1.0	-1.0	1.0	-1.0	
749	0.574219	1.0	-1.0	1.0	-1.0	
750	0.574219	1.0	-1.0	1.0	-1.0	
751	0.574219	1.0	-1.0	1.0	-1.0	
752	0.574219	1.0	-1.0	1.0	-1.0	
753	0.574219	1.0	-1.0	1.0	-1.0	
754	0.574219	1.0	-1.0	1.0	-1.0	
755	0.574219	1.0	-1.0	1.0	-1.0	
756	0.574219	1.0	-1.0	1.0	-1.0	
757	0.574219	1.0	-1.0	1.0	-1.0	
758	0.574219	1.0	-1.0	1.0	-1.0	
759	0.574219	1.0	-1.0	1.0	-1.0	
760	0.574219	1.0	-1.0	1.0	-1.0	
761	0.574219	1.0	-1.0	1.0	-1.0	
762	0.574219	1.0	-1.0	1.0	-1.0	
763	0.574219	1.0	-1.0	1.0	-1.0	
764	0.574219	1.0	-1.0	1.0	-1.0	
765	0.574219	1.0	-1.0	1.0	-1.0	
766	0.574219	1.0	-1.0	1.0	-1.0	
767	0.574219	1.0	-1.0	1.0	-1.0	
768	0.574219	1.0	-1.0	1.0	-1.0	
769	0.574219	1.0	-1.0	1.0	-1.0	
770	0.574219	1.0	-1.0	1.0	-1.0	
771	0.574219	1.0	-1.0	1.0	-1.0	
772	0.574219	1.0	-1.0	1.0	-1.0	
773	0.574219	1.0	-1.0	1.0	-1.0	
774	0.574219	1.0	-1.0	1.0	-1.0	
775	0.574219	1.0	-1.0	1.0	-1.0	
776	0.574219	1.0	-1.0	1.0	-1.0	
777	0.574219	1.0	-1.0	1.0	-1.0	
778	0.574219	1.0	-1.0	1.0	-1.0	
779	0.574219	1.0	-1.0	1.0	-1.0	
780	0.574219	1.0	-1.0	1.0	-1.0	
781	0.574219	1.0	-1.0	1.0	-1.0	
782	0.574219	1.0	-1.0	1.0	-1.0	
783	0.574219	1.0	-1.0	1.0	-1.0	
784	0.574219	1.0	-1.0	1.0	-1.0	
785	0.574219	1.0	-1.0	1.0	-1.0	
786	0.574219	1.0	-1.0	1.0	-1.0	
787	0.574219	1.0	-1.0	1.0	-1.0	
788	0.574219	1.0	-1.0	1.0	-1.0	
789	0.574219	1.0	-1.0	1.0	-1.0	
790	0.574219	1.0	-1.0	1.0	-1.0	
791	0.574219	1.0	-1.0	1.0	-1.0	
792	0.574219	1.0	-1.0	1.0	-1.0	
793	0.574219	1.0	-1.0	1.0	-1.0	
794	0.574219	1.0	-1.0	1.0	-1.0	
795	0.574219	1.0	-1.0	1.0	-1.0	
796	0.574219	1.0	-1.0	1.0	-1.0	
797	0.574219	1.0	-1.0	1.0	-1.0	
798	0.574219	1.0	-1.0	1.0	-1.0	
799	0.574219	1.0	-1.0	1.0	-1.0	
800	0.574219	1.0	-1.0	1.0	-1.0	
801	0.574219	1.0	-1.0	1.0	-1.0	
802	0.574219	1.0	-1.0	1.0	-1.0	
803	0.574219	1.0	-1.0	1.0	-1.0	
804	0.574219	1.0	-1.0	1.0	-1.0	
805	0.574219	1.0	-1.0	1.0	-1.0	
806	0.574219	1.0	-1.0	1.0	-1.0	
807	0.574219	1.0	-1.0	1.0	-1.0	
808	0.574219	1.0	-1.0	1.0	-1.0	
809	0.574219	1.0	-1.0	1.0	-1.0	
810	0.574219	1.0	-1.0	1.0	-1.0	
811	0.574219	1.0	-1.0	1.0	-1.0	
812	0.574219	1.0	-1.0	1.0	-1.0	
813	0.574219	1.0	-1.0	1.0	-1.0	
814	0.574219	1.0	-1.0	1.0	-1.0	
815	0.574219	1.0	-1.0	1.0	-1.0	
816	0.574219	1.0	-1.0	1.0	-1.0	
817	0.574219	1.0	-1.0	1.0	-1.0	
818	0.574219	1.0	-1.0	1.0	-1.0	
819	0.574219	1.0	-1.0	1.0	-1.0	
820	0.574219	1.0	-1.0	1.0	-1.0	
821	0.574219	1.0	-1.0	1.0	-1.0	
822	0.574219	1.0	-1.0	1.0	-1.0	
823	0.574219	1.0	-1.0	1.0	-1.0	
824	0.574219	1.0	-1.0	1.0	-1.0	
825	0.574219	1.0	-1.0	1.0	-1.0	
826	0.574219	1.0	-1.0	1.0	-1.0	
827	0.574219	1.0	-1.0	1.0	-1.0	
828	0.574219	1.0	-1.0	1.0	-1.0	
829	0.574219	1.0	-1.0	1.0	-1.0	
830	0.574219	1.0	-1.0	1.0	-1.0	
831	0.574219	1.0	-1.0	1.0	-1.0	
832	0.574219	1.0	-1.0	1.0	-1.0	
833	0.574219	1.0	-1.0	1.0	-1.0	
834	0.574219	1.0	-1.0	1.0	-1.0	
835	0.574219	1.0	-1.0	1.0	-1.0	
836	0.574219	1.0	-1.0	1.0	-1.0	
837	0.574219	1.0	-1.0	1.0	-1.0	
838	0.574219	1.0	-1.0	1.0	-1.0	
839	0.574219	1.0	-1.0	1.0	-1.0	
840	0.574219	1.0	-1.0	1.0	-1.0	
841	0.574219	1.0	-1.0	1.0	-1.0	
842	0.574219	1.0	-1.0	1.0	-1.0	
843	0.574219	1.0	-1.0	1.0	-1.0	
844	0.574219	1.0	-1.0	1.0	-1.0	
845	0.574219	1.0	-1.0	1.0	-1.0	
846	0.574219	1.0	-1.0	1.0	-1.0	
847	0.574219	1.0	-1.0	1.0	-1.0	
848	0.574219	1.0	-1.0	1.0	-1.0	
849	0.574219	1.0	-1.0	1.0	-1.0	
850	0.574219	1.0	-1.0	1.0	-1.0	
851	0.574219	1.0	-1.0	1.0	-1.0	
852	0.574219	1.0	-1.0	1.0	-1.0	
853	0.574219	1.0	-1.0	1.0	-1.0	
854	0.574219	1.0	-1.0	1.0	-1.0	
855	0.574219	1.0	-1.0	1.0	-1.0	
856	0.574219	1.0	-1.0	1.0	-1.0	
857	0.574219	1.0	-1.0	1.0	-1.0	
858	0.574219	1.0	-1.0	1.0	-1.0	
859	0.574219	1.0	-1.0	1.0	-1.0	
860	0.574219	1.0	-1.0	1.0	-1.0	
861	0.574219	1.0	-1.0	1.0	-1.0	
862	0.574219	1.0	-1.0	1.0	-1.0	
863	0.617188	1.0	-1.0	1.0	-1.0	
864	0.574219	1.0	-1.0	1.0	-1.0	
865	0.574219	1.0	-1.0	1.0	-1.0	
866	0.574219	1.0	-1.0	1.0	-1.0	
867	0.574219	1.0	-1.0	1.0	-1.0	
868	0.574219	1.0	-1.0	1.0	-1.0	
869	0.574219	1.0	-1.0	1.0	-1.0	
870	0.574219	1.0	-1.0	1.0	-1.0	
871	0.574219	1.0	-1.0	1.0	-1.0	
872	0.574219	1.0	-1.0	1.0	-1.0	
873	0.574219	1.0	-1.0	1.0	-1.0	
874	0.574219	1.0	-1.0	1.0	-1.0	
875	0.574219	1.0	-1.0	1.0	-1.0	
876	0.574219	1.0	-1.0	1.0	-1.0	
877	0.574219	1.0	-1.0	1.0	-1.0	
878	0.574219	1.0	-1.0	1.0	-1.0	
879	0.574219	1.0	-1.0	1.0	-1.0	
880	0.574219	1.0	-1.0	1.0	-1.0	
881	0.574219	1.0	-1.0	1.0	-1.0	
882	0.574219	1.0	-1.0	1.0	-1.0	
883	0.574219	1.0	-1.0	1.0	-1.0	
884	0.574219	1.0	-1.0	1.0	-1.0	
885	0.574219	1.0	-1.0	1.0	-1.0	
886	0.574219	1.0	-1.0	1.0	-1.0	
887	0.574219	1.0	-1.0	1.0	-1.0	
888	0.574219	1.0	-1.0	1.0	-1.0	
889	0.574219	1.0	-1.0	1.0	-1.0	
890	0.574219	1.0	-1.0	1.0	-1.0	
891	0.574219	1.0	-1.0	1.0	-1.0	
892	0.574219	1.0	-1.0	1.0	-1.0	
893	0.574219	1.0	-1.0	1.0	-1.0	
894	0.574219	1.0	-1.0	1.0	-1.0	
895	0.574219	1.0	-1.0	1.0	-1.0	
896	0.574219	1.0	-1.0	1.0	-1.0	
897	0.574219	1.0	-1.0	1.0	-1.0	
898	0.574219	1.0	-1.0	1.0	-1.0	
899	0.574219	1.0	-1.0	1.0	-1.0	
900	0.574219	1.0	-1.0	1.0	-1.0	
901	0.574219	1.0	-1.0	1.0	-1.0	
902	0.574219	1.0	-1.0	1.0	-1.0	
903	0.574219	1.0	-1.0	1.0	-1.0	
904	0.574219	1.0	-1.0	1.0	-1.0	
905	0.574219	1.0	-1.0	1.0	-1.0	
906	0.574219	1.0	-1.0	1.0	-1.0	
907	0.574219	1.0	-1.0	1.0	-1.0	
908	0.574219	1.0	-1.0	1.0	-1.0	
909	0.574219	1.0	-1.0	1.0	-1.0	
910	0.574219	1.0	-1.0	1.0	-1.0	
911	0.574219	1.0	-1.0	1.0	-1.0	
912	0.574219	1.0	-1.0	1.0	-1.0	
913	0.574219	1.0	-1.0	1.0	-1.0	
914	0.574219	1.0	-1.0	1.0	-1.0	
915	0.574219	1.0	-1.0	1.0	-1.0	
916	0.574219	1.0	-1.0	1.0	-1.0	
917	0.574219	1.0	-1.0	1.0	-1.0	
918	0.574219	1.0	-1.0	1.0	-1.0	
919	0.574219	1.0	-1.0	1.0	-1.0	
920	0.574219	1.0	-1.0	1.0	-1.0	
921	0.574219	1.0	-1.0	1.0	-1.0	
922	0.574219	1.0	-1.0	1.0	-1.0	
923	0.574219	1.0	-1.0	1.0	-1.0	
924	0.574219	1.0	-1.0	1.0	-1.0	
925	0.574219	1.0	-1.0	1.0	-1.0	
926	0.574219	1.0	-1.0	1.0	-1.0	
927	0.574219	1.0	-1.0	1.0	-1.0	
928	0.574219	1.0	-1.0	1.0	-1.0	
929	0.574219	1.0	-1.0	1.0	-1.0	
930	0.574219	1.0	-1.0	1.0	-1.0	
931	0.574219	1.0	-1.0	1.0	-1.0	
932	0.574219	1.0	-1.0	1.0	-1.0	
933	0.574219	1.0	-1.0	1.0	-1.0	
934	0.574219	1.0	-1.0	1.0	-1.0	
935	0.574219	1.0	-1.0	1.0	-1.0	
936	0.574219	1.0	-1.0	1.0	-1.0	
937	0.574219	1.0	-1.0	1.0	-1.0	
938	0.574219	1.0	-1.0	1.0	-1.0	
939	0.574219	1.0	-1.0	1.0	-1.0	
940	0.574219	1.0	-1.0	1.0	-1.0	
941	0.574219	1.0	-1.0	1.0	-1.0	
942	0.574219	1.0	-1.0	1.0	-1.0	
943	0.574219	1.0	-1.0	1.0	-1.0	
944	0.574219	1.0	-1.0	1.0	-1.0	
945	0.574219	1.0	-1.0	1.0	-1.0	
946	0.574219	1.0	-1.0	1.0	-1.0	
947	0.574219	1.0	-1.0	1.0	-1.0	
948	0.574219	1.0	-1.0	1.0	-1.0	
949	0.574219	1.0	-1.0	1.0	-1.0	
950	0.574219	1.0	-1.0	1.0	-1.0	
951	0.574219	1.0	-1.0	1.0	-1.0	
952	0.574219	1.0	-1.0	1.0	-1.0	
953	0.574219	1.0	-1.0	1.0	-1.0	
954	0.574219	1.0	-1.0	1.0	-1.0	
955	0.574219	1.0	-1.0	1.0	-1.0	
956	0.574219	1.0	-1.0	1.0	-1.0	
957	0.574219	1.0	-1.0	1.0	-1.0	
958	0.574219	1.0	-1.0	1.0	-1.0	
959	0.574219	1.0	-1.0	1.0	-1.0	
960	0.574219	1.0	-1.0	1.0	-1.0	
961	0.574219	1.0	-1.0	1.0	-1.0	
962	0.574219	1.0	-1.0	1.0	-1.0	
963	0.574219	1.0	-1.0	1.0	-1.0	
964	0.574219	1.0	-1.0	1.0	-1.0	
965	0.574219	1.0	-1.0	1.0	-1.0	
966	0.574219	1.0	-1.0	1.0	-1.0	
967	0.574219	1.0	-1.0	1.0	-1.0	
968	0.574219	1.0	-1.0	1.0	-1.0	
969	0.574219	1.0	-1.0	1.0	-1.0	
970	0.574219	1.0	-1.0	1.0	-1.0	
971	0.574219	1.0	-1.0	1.0	-1.0	
972	0.574219	1.0	-1.0	1.0	-1.0	
973	0.574219	1.0	-1.0	1.0	-1.0	
974	0.574219	1.0	-1.0	1.0	-1.0	
975	0.574219	1.0	-1.0	1.0	-1.0	
976	0.574219	1.0	-1.0	1.0	-1.0	
977	0.574219	1.0	-1.0	1.0	-1.0	
978	0.574219	1.0	-1.0	1.0	-1.0	
979	0.574219	1.0	-1.0	1.0	-1.0	
980	0.574219	1.0	-1.0	1.0	-1.0	
981	0.574219	1.0	-1.0	1.0	-1.0	
982	0.574219	1.0	-1.0	1.0	-1.0	
983	0.574219	1.0	-1.0	1.0	-1.0	
984	0.574219	1.0	-1.0	1.0	-1.0	
985	0.574219	1.0	-1.0	1.0	-1.0	
986	0.574219	1.0	-1.0	1.0	-1.0	
987	0.574219	1.0	-1.0	1.0	-1.0	
988	0.574219	1.0	-1.0	1.0	-1.0	
989	0.574219	1.0	-1.0	1.0	-1.0	
990	0.574219	1.0	-1.0	1.0	-1.0	
991	0.574219	1.0	-1.0	1.0	-1.0	
992	0.574219	1.0	-1.0	1.0	-1.0	
993	0.574219	1.0	-1.0	1.0	-1.0	
994	0.574219	1.0	-1.0	1.0	-1.0	
995	0.574219	1.0	-1.0	1.0	-1.0	
996	0.574219	1.0	-1.0	1.0	-1.0	
997	0.574219	1.0	-1.0	1.0	-1.0	
998	0.574219	1.0	-1.0	1.0	-1.0	
999	0.574219	1.0	-1.0	1.0	-1.0	
1000	0.574219	1.0	-1.0	1.0	-1.0	
1001	0.574219	1.0	-1.0	1.0	-1.0	
1002	0.574219	1.0	-1.0	1.0	-1.0	
1003	0.574219	1.0	-1.0	1.0	-1.0	
1004	0.574219	1.0	-1.0	1.0	-1.0	
1005	0.574219	1.0	-1.0	1.0	-1.0	
1006	0.574219	1.0	-1.0	1.0	-1.0	
1007	0.574219	1.0	-1.0	1.0	-1.0	
1008	0.574219	1.0	-1.0	1.0	-1.0	
1009	0.574219	1.0	-1.0	1.0	-1.0	
1010	0.574219	1.0	-1.0	1.0	-1.0	
1011	0.574219	1.0	-1.0	1.0	-1.0	
1012	0.574219	1.0	-1.0	1.0	-1.0	
1013	0.574219	1.0	-1.0	1.0	-1.0	
1014	0.574219	1.0	-1.0	1.0	-1.0	
1015	0.574219	1.0	-1.0	1.0	-1.0	
1016	0.574219	1.0	-1.0	1.0	-1.0	
1017	0.574219	1.0	-1.0	1.0	-1.0	
1018	0.574219	1.0	-1.0	1.0	-1.0	
1019	0.574219	1.0	-1.0	1.0	-1.0	
1020	0.574219	1.0	-1.0	1.0	-1.0	
1021	0.574219	1.0	-1.0	1.0	-1.0	
1022	0.574219	1.0	-1.0	1.0	-1.0	
1023	0.574219	1.0	-1.0	1.0	-1.0	
1024	0.574219	1.0	-1.0	1.0	-1.0	
1025	0.574219	1.0	-1.0	1.0	-1.0	
1026	0.574219	1.0	-1.0	1.0	-1.0	
1027	0.574219	1.0	-1.0	1.0	-1.0	
1028	0.574219	1.0	-1.0	1.0	-1.0	
1029	0.574219	1.0	-1.0	1.0	-1.0	
1030	0.574219	1.0	-1.0	1.0	-1.0	
1031	0.574219	1.0	-1.0	1.0	-1.0	
1032	0.574219	1.0	-1.0	1.0	-1.0	
1033	0.574219	1.0	-1.0	1.0	-1.0	
1034	0.574219	1.0	-1.0	1.0	-1.0	
1035	0.574219	1.0	-1.0	1.0	-1.0	
1036	0.574219	1.0	-1.0	1.0	-1.0	
1037	0.574219	1.0	-1.0	1.0	-1.0	
1038	0.574219	1.0	-1.0	1.0	-1.0	
1039	0.574219	1.0	-1.0	1.0	-1.0	
1040	0.574219	1.0	-1.0	1.0	-1.0	
1041	0.574219	1.0	-1.0	1.0	-1.0	
1042	0.574219	1.0	-1.0	1.0	-1.0	
1043	0.574219	1.0	-1.0	1.0	-1.0	
1044	0.574219	1.0	-1.0	1.0	-1.0	
1045	0.574219	1.0	-1.0	1.0	-1.0	
1046	0.574219	1.0	-1.0	1.0	-1.0	
1047	0.574219	1.0	-1.0	1.0	-1.0	
1048	0.574219	1.0	-1.0	1.0	-1.0	
1049	0.574219	1.0	-1.0	1.0	-1.0	
1050	0.574219	1.0	-1.0	1.0	-1.0	
1051	0.574219	1.0	-1.0	1.0	-1.0	
1052	0.574219	1.0	-1.0	1.0	-1.0	
1053	0.574219	1.0	-1.0	1.0	-1.0	
1054	0.574219	1.0	-1.0	1.0	-1.0	
1055	0.574219	1.0	-1.0	1.0	-1.0	
1056	0.574219	1.0	-1.0	1.0	-1.0	
1057	0.574219	1.0	-1.0	1.0	-1.0	
1058	0.574219	1.0	-1.0	1.0	-1.0	
1059	0.574219	1.0	-1.0	1.0	-1.0	
1060	0.574219	1.0	-1.0	1.0	-1.0	
1061	0.574219	1.0	-1.0	1.0	-1.0	
1062	0.574219	1.0	-1.0	1.0	-1.0	
1063	0.574219	1.0	-1.0	1.0	-1.0	
1064	0.574219	1.0	-1.0	1.0	-1.0	
1065	0.574219	1.0	-1.0	1.0	-1.0	
1066	0.574219	1.0	-1.0	1.0	-1.0	
1067	0.574219	1.0	-1.0	1.0	-1.0	
1068	0.574219	1.0	-1.0	1.0	-1.0	
1069	0.574219	1.0	-1.0	1.0	-1.0	
1070	0.574219	1.0	-1.0	1.0	-1.0	
1071	0.574219	1.0	-1.0	1.0	-1.0	
1072	0.574219	1.0	-1.0	1.0	-1.0	
1073	0.574219	1.0	-1.0	1.0	-1.0	
1074	0.574219	1.0	-1.0	1.0	-1.0	
1075	0.574219	1.0	-1.0	1.0	-1.0	
1076	0.574219	1.0	-1.0	1.0	-1.0	
1077	0.574219	1.0	-1.0	1.0	-1.0	
1078	0.574219	1.0	-1.0	1.0	-1.0	
1079	0.574219	1.0	-1.0	1.0	-1.0	
1080	0.574219	1.0	-1.0	1.0	-1.0	
1081	0.574219	1.0	-1.0	1.0	-1.0	
1082	0.574219	1.0	-1.0	1.0	-1.0	
1083	0.574219	1.0	-1.0	1.0	-1.0	
1084	0.574219	1.0	-1.0	1.0	-1.0	
1085	0.574219	1.0	-1.0	1.0	-1.0	
1086	0.574219	1.0	-1.0	1.0	-1.0	
1087	0.574219	1.0	-1.0	1.0	-1.0	
1088	0.574219	1.0	-1.0	1.0	-1.0	
1089	0.574219	1.0	-1.0	1.0	-1.0	
1090	0.574219	1.0	-1.0	1.0	-1.0	
1091	0.574219	1.0	-1.0	1.0	-1.0	
1092	0.574219	1.0	-1.0	1.0	-1.0	
1093	0.574219	1.0	-1.0	1.0	-1.0	
1094	0.574219	1.0	-1.0	1.0	-1.0	
1095	0.574219	1.0	-1.0	1.0	-1.0	
1096	0.574219	1.0	-1.0	1.0	-1.0	
1097	0.574219	1.0	-1.0	1.0	-1.0	
1098	0.574219	1.0	-1.0	1.0	-1.0	
1099	0.574219	1.0	-1.0	1.0	-1.0	
1100	0.574219	1.0	-1.0	1.0	-1.0	
1101	0.574219	1.0	-1.0	1.0	-1.0	
1102	0.574219	1.0	-1.0	1.0	-1.0	
1103	0.574219	1.0	-1.0	1.0	-1.0	
1104	0.574219	1.0	-1.0	1.0	-1.0	
1105	0.574219	1.0	-1.0	1.0	-1.0	
1106	0.574219	1.0	-1.0	1.0	-1.0	
1107	0.574219	1.0	-1.0	1.0	-1.0	
1108	0.574219	1.0	-1.0	1.0	-1.0	
1109	0.574219	1.0	-1.0	1.0	-1.0	
1110	0.574219	1.0	-1.0	1.0	-1.0	
1111	0.574219	1.0	-1.0	1.0	-1.0	
1112	0.574219	1.0	-1.0	1.0	-1.0	
1113	0.574219	1.0	-1.0	1.0	-1.0	
1114	0.574219	1.0	-1.0	1.0	-1.0	
1115	0.574219	1.0	-1.0	1.0	-1.0	
1116	0.574219	1.0	-1.0	1.0	-1.0	
1117	0.574219	1.0	-1.0	1.0	-1.0	
1118	0.574219	1.0	-1.0	1.0	-1.0	
1119	0.574219	1.0	-1.0	1.0	-1.0	
1120	0.574219	1.0	-1.0	1.0	-1.0	
1121	0.574219	1.0	-1.0	1.0	-1.0	
1122	0.574219	1.0	-1.0	1.0	-1.0	
1123	0.574219	1.0	-1.0	1.0	-1.0	
1124	0.574219	1.0	-1.0	1.0	-1.0	
1125	0.574219	1.0	-1.0	1.0	-1.0	
1126	0.574219	1.0	-1.0	1.0	-1.0	
1127	0.574219	1.0	-1.0	1.0	-1.0	
1128	0.574219	1.0	-1.0	1.0	-1.0	
1129	0.574219	1.0	-1.0	1.0	-1.0	
1130	0.574219	1.0	-1.0	1.0	-1.0	
1131	0.574219	1.0	-1.0	1.0	-1.0	
1132	0.574219	1.0	-1.0	1.0	-1.0	
1133	0.574219	1.0	-1.0	1.0	-1.0	
1134	0.574219	1.0	-1.0	1.0	-1.0	
1135	0.574219	1.0	-1.0	1.0	-1.0	
1136	0.574219	1.0	-1.0	1.0	-1.0	
1137	0.574219	1.0	-1.0	1.0	-1.0	
1138	0.574219	1.0	-1.0	1.0	-1.0	
1139	0.574219	1.0	-1.0	1.0	-1.0	
1140	0.574219	1.0	-1.0	1.0	-1.0	
1141	0.574219	1.0	-1.0	1.0	-1.0	
1142	0.574219	1.0	-1.0	1.0	-1.0	
1143	0.574219	1.0	-1.0	1.0	-1.0	
1144	0.574219	1.0	-1.0	1.0	-1.0	
1145	0.574219	1.0	-1.0	1.0	-1.0	
1146	0.574219	1.0	-1.0	1.0	-1.0	
1147	0.574219	1.0	-1.0	1.0	-1.0	
1148	0.574219	1.0	-1.0	1.0	-1.0	
1149	0.574219	1.0	-1.0	1.0	-1.0	
1150	0.574219	1.0	-1.0	1.0	-1.0	
1151	0.574219	1.0	-1.0	1.0	-1.0	
1152	0.574219	1.0	-1.0	1.0	-1.0	
1153	0.574219	1.0	-1.0	1.0	-1.0	
1154	0.574219	1.0	-1.0	1.0	-1.0	
1155	0.574219	1.0	-1.0	1.0	-1.0	
1156	0.574219	1.0	-1.0	1.0	-1.0	
1157	0.574219	1.0	-1.0	1.0	-1.0	
1158	0.574219	1.0	-1.0	1.0	-1.0	
1159	0.574219	1.0	-1.0	1.0	-1.0	
1160	0.574219	1.0	-1.0	1.0	-1.0	
1161	0.574219	1.0	-1.0	1.0	-1.0	
1162	0.574219	1.0	-1.0	1.0	-1.0	
1163	0.574219	1.0	-1.0	1.0	-1.0	
1164	0.574219	1.0	-1.0	1.0	-1.0	
1165	0.574219	1.0	-1.0	1.0	-1.0	
1166	0.574219	1.0	-1.0	1.0	-1.0	
1167	0.574219	1.0	-1.0	1.0	-1.0	
1168	0.574219	1.0	-1.0	1.0	-1.0	
1169	0.574219	1.0	-1.0	1.0	-1.0	
1170	0.574219	1.0	-1.0	1.0	-1.0	
1171	0.574219	1.0	-1.0	1.0	-1.0	
1172	0.574219	1.0	-1.0	1.0	-1.0	
1173	0.574219	1.0	-1.0	1.0	-1.0	
1174	0.574219	1.0	-1.0	1.0	-1.0	
1175	0.574219	1.0	-1.0	1.0	-1.0	
1176	0.574219	1.0	-1.0	1.0	-1.0	
1177	0.574219	1.0	-1.0	1.0	-1.0	
1178	0.574219	1.0	-1.0	1.0	-1.0	
1179	0.574219	1.0	-1.0	1.0	-1.0	
1180	0.574219	1.0	-1.0	1.0	-1.0	
1181	0.574219	1.0	-1.0	1.0	-1.0	
1182	0.574219	1.0	-1.0	1.0	-1.0	
1183	0.574219	1.0	-1.0	1.0	-1.0	
1184	0.574219	1.0	-1.0	1.0	-1.0	
1185	0.574219	1.0	-1.0	1.0	-1.0	
1186	0.574219	1.0	-1.0	1.0	-1.0	
1187	0.574219	1.0	-1.0	1.0	-1.0	
1188	0.574219	1.0	-1.0	1.0	-1.0	
1189	0.574219	1.0	-1.0	1.0	-1.0	
1190	0.574219	1.0	-1.0	1.0	-1.0	
1191	0.574219	1.0	-1.0	1.0	-1.0	
1192	0.574219	1.0	-1.0	1.0	-1.0	
1193	0.574219	1.0	-1.0	1.0	-1.0	
1194	0.574219	1.0	-1.0	1.0	-1.0	
1195	0.574219	1.0	-1.0	1.0	-1.0	
1196	0.574219	1.0	-1.0	1.0	-1.0	
1197	0.574219	1.0	-1.0	1.0	-1.0	
1198	0.574219	1.0	-1.0	1.0	-1.0	
1199	0.574219	1.0	-1.0	1.0	-1.0	
1200	0.574219	1.0	-1.0	1.0	-1.0	
1201	0.574219	1.0	-1.0	1.0	-1.0	
1202	0.574219	1.0	-1.0	1.0	-1.0	
1203	0.574219	1.0	-1.0	1.0	-1.0	
1204	0.574219	1.0	-1.0	1.0	-1.0	
1205	0.574219	1.0	-1.0	1.0	-1.0	
1206	0.574219	1.0	-1.0	1.0	-1.0	
1207	0.574219	1.0	-1.0	1.0	-1.0	
1208	0.574219	1.0	-1.0	1.0	-1.0	
1209	0.574219	1.0	-1.0	1.0	-1.0	
1210	0.574219	1.0	-1.0	1.0	-1.0	
1211	0.574219	1.0	-1.0	1.0	-1.0	
1212	0.574219	1.0	-1.0	1.0	-1.0	
1213	0.574219	1.0	-1.0	1.0	-1.0	
1214	0.574219	1.0	-1.0	1.0	-1.0	
1215	0.574219	1.0	-1.0	1.0	-1.0	
1216	0.574219	1.0	-1.0	1.0	-1.0	
1217	0.574219	1.0	-1.0	1.0	-1.0	
1218	0.574219	1.0	-1.0	1.0	-1.0	
1219	0.574219	1.0	-1.0	1.0	-1.0	
1220	0.574219	1.0	-1.0	1.0	-1.0	
1221	0.574219	1.0	-1.0	1.0	-1.0	
1222	0.574219	1.0	-1.0	1.0	-1.0	
1223	0.574219	1.0	-1.0	1.0	-1.0	
1224	0.574219	1.0	-1.0	1.0	-1.0	
1225	0.574219	1.0	-1.0	1.0	-1.0	
