0	0.799	0.79	0.781	0.779	0.778	0.774	0.773	0.77	0.769	0.769	0.765	0.76	0.743	0.733	0.732	0.732	0.726	0.724	0.722	0.721	0.717	0.717	0.712	0.701	0.622	0.607	0.59	0.582	0.532	0.531	
1	0.874	0.872	0.838	0.811	0.773	0.766	0.745	0.741	0.74	0.736	0.735	0.734	0.732	0.73	0.73	0.729	0.729	0.729	0.728	0.728	0.726	0.725	0.725	0.725	0.724	0.723	0.723	0.722	0.596	0.593	
2	0.807	0.807	0.762	0.743	0.742	0.741	0.739	0.738	0.736	0.733	0.733	0.73	0.73	0.73	0.729	0.729	0.729	0.728	0.728	0.728	0.726	0.726	0.726	0.725	0.724	0.724	0.722	0.722	0.581	0.573	
3	0.76	0.75	0.749	0.734	0.73	0.73	0.73	0.729	0.729	0.729	0.728	0.728	0.727	0.726	0.725	0.725	0.725	0.724	0.723	0.723	0.723	0.722	0.722	0.72	0.719	0.719	0.718	0.718	0.586	0.584	
4	0.871	0.851	0.77	0.757	0.746	0.736	0.734	0.732	0.732	0.731	0.731	0.731	0.731	0.731	0.73	0.73	0.73	0.73	0.73	0.729	0.726	0.726	0.726	0.725	0.724	0.724	0.724	0.718	0.592	0.587	
5	0.833	0.782	0.781	0.779	0.737	0.734	0.734	0.733	0.731	0.731	0.73	0.73	0.729	0.729	0.729	0.727	0.727	0.726	0.726	0.725	0.725	0.725	0.724	0.724	0.724	0.724	0.723	0.72	0.584	0.579	
6	0.843	0.82	0.782	0.775	0.774	0.768	0.762	0.759	0.752	0.752	0.735	0.733	0.732	0.731	0.731	0.731	0.729	0.729	0.727	0.727	0.725	0.724	0.723	0.723	0.722	0.721	0.721	0.719	0.582	0.572	
7	0.772	0.77	0.769	0.764	0.741	0.739	0.739	0.737	0.736	0.736	0.733	0.732	0.731	0.73	0.729	0.729	0.729	0.728	0.727	0.727	0.726	0.726	0.725	0.725	0.724	0.723	0.722	0.72	0.579	0.575	
8	0.809	0.804	0.776	0.747	0.744	0.743	0.74	0.735	0.734	0.733	0.733	0.732	0.732	0.732	0.732	0.73	0.729	0.729	0.729	0.729	0.728	0.727	0.726	0.726	0.726	0.722	0.722	0.721	0.585	0.583	
9	0.827	0.811	0.771	0.769	0.735	0.735	0.733	0.733	0.732	0.731	0.731	0.731	0.731	0.731	0.73	0.73	0.729	0.728	0.728	0.728	0.728	0.728	0.727	0.727	0.727	0.727	0.726	0.722	0.582	0.576	
10	0.836	0.78	0.769	0.764	0.737	0.734	0.734	0.732	0.732	0.732	0.732	0.732	0.731	0.73	0.73	0.729	0.729	0.729	0.729	0.728	0.726	0.726	0.726	0.723	0.722	0.722	0.717	0.716	0.579	0.575	
11	0.766	0.763	0.763	0.755	0.754	0.754	0.736	0.734	0.733	0.733	0.733	0.732	0.732	0.732	0.731	0.731	0.73	0.73	0.73	0.729	0.729	0.728	0.727	0.726	0.725	0.72	0.717	0.717	0.573	0.57	
12	0.817	0.77	0.769	0.769	0.757	0.755	0.751	0.736	0.736	0.735	0.734	0.733	0.732	0.731	0.731	0.73	0.73	0.729	0.727	0.727	0.724	0.724	0.721	0.721	0.72	0.719	0.717	0.714	0.585	0.583	
13	0.812	0.771	0.768	0.764	0.74	0.737	0.733	0.733	0.732	0.731	0.731	0.731	0.73	0.73	0.73	0.729	0.729	0.729	0.729	0.728	0.728	0.728	0.727	0.727	0.725	0.725	0.724	0.719	0.585	0.581	
14	0.828	0.774	0.766	0.757	0.751	0.738	0.737	0.737	0.734	0.731	0.731	0.73	0.729	0.728	0.728	0.727	0.726	0.726	0.726	0.726	0.725	0.725	0.724	0.724	0.724	0.724	0.724	0.717	0.58	0.57	
15	0.984	0.948	0.933	0.928	0.913	0.912	0.908	0.904	0.774	0.767	0.76	0.759	0.753	0.749	0.732	0.732	0.731	0.731	0.731	0.731	0.729	0.729	0.728	0.726	0.725	0.724	0.724	0.723	0.692	0.691	
16	1.041	0.95	0.949	0.939	0.755	0.751	0.75	0.743	0.734	0.734	0.732	0.731	0.73	0.73	0.729	0.729	0.729	0.728	0.728	0.728	0.728	0.727	0.727	0.726	0.726	0.726	0.725	0.725	0.576	0.574	
17	0.788	0.763	0.755	0.745	0.742	0.741	0.74	0.739	0.734	0.734	0.731	0.73	0.73	0.73	0.729	0.729	0.729	0.728	0.726	0.725	0.724	0.724	0.724	0.724	0.723	0.723	0.723	0.723	0.589	0.587	
18	0.832	0.828	0.775	0.761	0.745	0.742	0.741	0.74	0.738	0.737	0.736	0.736	0.733	0.733	0.731	0.731	0.729	0.728	0.728	0.727	0.727	0.727	0.726	0.726	0.725	0.722	0.721	0.72	0.581	0.578	
19	0.855	0.77	0.765	0.764	0.759	0.755	0.736	0.734	0.733	0.732	0.732	0.731	0.731	0.73	0.73	0.729	0.729	0.728	0.727	0.726	0.726	0.726	0.725	0.725	0.724	0.721	0.719	0.718	0.594	0.582	
20	0.834	0.817	0.753	0.753	0.744	0.743	0.739	0.736	0.736	0.734	0.733	0.732	0.732	0.732	0.731	0.731	0.731	0.73	0.728	0.727	0.727	0.726	0.726	0.725	0.725	0.724	0.722	0.722	0.583	0.572	
21	0.821	0.773	0.761	0.744	0.743	0.742	0.742	0.739	0.736	0.734	0.733	0.732	0.732	0.732	0.73	0.73	0.729	0.728	0.728	0.727	0.727	0.727	0.726	0.725	0.724	0.724	0.723	0.721	0.579	0.577	
22	0.933	0.932	0.93	0.927	0.821	0.768	0.759	0.748	0.733	0.733	0.733	0.733	0.733	0.731	0.73	0.73	0.73	0.73	0.73	0.73	0.729	0.729	0.729	0.729	0.728	0.726	0.726	0.725	0.574	0.573	
23	0.803	0.803	0.771	0.767	0.74	0.74	0.74	0.735	0.735	0.734	0.734	0.733	0.733	0.732	0.732	0.73	0.728	0.728	0.728	0.728	0.727	0.727	0.727	0.726	0.726	0.725	0.725	0.724	0.582	0.58	
24	0.793	0.79	0.748	0.747	0.736	0.734	0.733	0.733	0.733	0.731	0.731	0.731	0.731	0.73	0.73	0.729	0.728	0.728	0.728	0.728	0.727	0.727	0.727	0.726	0.726	0.725	0.724	0.724	0.576	0.575	
25	0.912	0.912	0.91	0.91	0.91	0.905	0.868	0.863	0.856	0.854	0.811	0.805	0.79	0.78	0.778	0.774	0.763	0.761	0.76	0.757	0.744	0.738	0.73	0.73	0.728	0.726	0.725	0.722	0.72	0.72	
26	0.842	0.835	0.799	0.798	0.776	0.771	0.741	0.734	0.734	0.733	0.732	0.731	0.731	0.731	0.73	0.729	0.728	0.727	0.727	0.726	0.726	0.726	0.726	0.725	0.725	0.724	0.713	0.709	0.604	0.6	
27	0.821	0.779	0.769	0.767	0.761	0.745	0.743	0.742	0.74	0.737	0.734	0.734	0.731	0.731	0.729	0.728	0.728	0.728	0.727	0.727	0.727	0.726	0.722	0.722	0.722	0.721	0.719	0.718	0.583	0.583	
28	0.844	0.821	0.782	0.772	0.761	0.747	0.747	0.747	0.745	0.74	0.738	0.737	0.737	0.737	0.735	0.735	0.732	0.732	0.73	0.73	0.729	0.728	0.727	0.726	0.726	0.724	0.722	0.717	0.581	0.575	
29	1.07	0.973	0.945	0.941	0.904	0.888	0.878	0.877	0.854	0.852	0.849	0.837	0.776	0.774	0.773	0.77	0.768	0.768	0.766	0.741	0.73	0.728	0.728	0.728	0.728	0.727	0.724	0.724	0.635	0.631	
30	0.819	0.819	0.816	0.814	0.786	0.761	0.76	0.757	0.755	0.754	0.754	0.75	0.749	0.747	0.742	0.738	0.738	0.737	0.731	0.731	0.728	0.725	0.725	0.724	0.724	0.723	0.722	0.718	0.569	0.567	
31	0.813	0.813	0.803	0.768	0.755	0.748	0.745	0.743	0.741	0.74	0.739	0.734	0.733	0.732	0.732	0.732	0.732	0.731	0.73	0.73	0.73	0.729	0.728	0.725	0.723	0.72	0.717	0.711	0.583	0.572	
32	0.809	0.756	0.755	0.749	0.744	0.742	0.741	0.739	0.735	0.733	0.732	0.732	0.732	0.732	0.731	0.731	0.731	0.731	0.73	0.728	0.728	0.728	0.727	0.725	0.725	0.724	0.721	0.712	0.581	0.572	
33	0.912	0.907	0.907	0.906	0.905	0.904	0.902	0.901	0.763	0.761	0.76	0.744	0.742	0.741	0.74	0.736	0.734	0.73	0.727	0.727	0.727	0.727	0.727	0.726	0.726	0.725	0.72	0.715	0.581	0.58	
34	0.839	0.77	0.767	0.757	0.746	0.743	0.742	0.741	0.74	0.735	0.734	0.733	0.732	0.731	0.729	0.729	0.728	0.727	0.727	0.727	0.727	0.726	0.726	0.726	0.725	0.725	0.723	0.719	0.577	0.576	
35	0.823	0.775	0.77	0.759	0.748	0.736	0.734	0.734	0.733	0.733	0.732	0.731	0.73	0.728	0.728	0.727	0.727	0.727	0.727	0.726	0.725	0.724	0.724	0.723	0.722	0.722	0.719	0.719	0.652	0.652	
36	0.86	0.802	0.8	0.798	0.797	0.775	0.771	0.764	0.763	0.753	0.732	0.73	0.729	0.728	0.728	0.727	0.726	0.726	0.725	0.725	0.724	0.724	0.724	0.724	0.723	0.723	0.72	0.717	0.576	0.576	
37	0.772	0.769	0.765	0.76	0.733	0.73	0.728	0.728	0.727	0.727	0.726	0.726	0.726	0.724	0.724	0.724	0.721	0.72	0.72	0.719	0.719	0.718	0.718	0.718	0.716	0.716	0.714	0.712	0.631	0.628	
38	0.911	0.91	0.91	0.909	0.889	0.862	0.861	0.851	0.85	0.843	0.826	0.817	0.816	0.813	0.802	0.798	0.73	0.729	0.728	0.728	0.728	0.727	0.726	0.724	0.724	0.721	0.718	0.717	0.602	0.601	
39	0.809	0.795	0.745	0.74	0.738	0.735	0.733	0.733	0.732	0.729	0.729	0.728	0.728	0.728	0.726	0.725	0.724	0.724	0.724	0.723	0.723	0.723	0.722	0.722	0.72	0.718	0.716	0.715	0.571	0.571	
40	0.81	0.774	0.769	0.763	0.761	0.76	0.744	0.743	0.736	0.732	0.73	0.729	0.728	0.728	0.727	0.726	0.726	0.726	0.725	0.725	0.725	0.723	0.723	0.723	0.723	0.721	0.721	0.716	0.588	0.583	
41	0.803	0.801	0.744	0.734	0.73	0.729	0.729	0.728	0.728	0.728	0.727	0.727	0.727	0.727	0.726	0.725	0.725	0.725	0.725	0.724	0.724	0.723	0.723	0.723	0.722	0.721	0.721	0.719	0.582	0.578	
42	0.813	0.773	0.761	0.758	0.746	0.739	0.739	0.732	0.732	0.731	0.73	0.73	0.73	0.73	0.727	0.727	0.727	0.726	0.726	0.726	0.726	0.724	0.724	0.723	0.721	0.72	0.719	0.718	0.575	0.573	
43	0.777	0.762	0.761	0.754	0.748	0.743	0.743	0.737	0.734	0.73	0.728	0.727	0.727	0.726	0.725	0.723	0.723	0.723	0.723	0.721	0.72	0.72	0.72	0.719	0.719	0.719	0.719	0.718	0.613	0.611	
44	0.833	0.832	0.829	0.825	0.825	0.79	0.777	0.777	0.776	0.76	0.753	0.745	0.743	0.741	0.735	0.735	0.734	0.733	0.731	0.731	0.73	0.724	0.724	0.723	0.723	0.719	0.719	0.718	0.699	0.69	
45	0.775	0.772	0.767	0.759	0.754	0.752	0.746	0.745	0.742	0.741	0.74	0.738	0.738	0.735	0.731	0.729	0.729	0.728	0.728	0.728	0.727	0.727	0.726	0.725	0.719	0.718	0.717	0.716	0.576	0.569	
46	0.823	0.8	0.767	0.749	0.738	0.731	0.729	0.729	0.729	0.729	0.728	0.728	0.728	0.727	0.727	0.727	0.727	0.726	0.726	0.724	0.724	0.722	0.72	0.72	0.717	0.716	0.714	0.714	0.582	0.572	
47	0.848	0.816	0.806	0.797	0.784	0.771	0.754	0.748	0.734	0.733	0.731	0.731	0.731	0.728	0.728	0.727	0.726	0.725	0.725	0.723	0.722	0.719	0.718	0.716	0.708	0.706	0.699	0.694	0.613	0.596	
48	0.892	0.891	0.887	0.88	0.768	0.764	0.761	0.754	0.752	0.752	0.748	0.739	0.735	0.734	0.733	0.732	0.73	0.729	0.729	0.728	0.728	0.727	0.727	0.727	0.726	0.725	0.724	0.724	0.573	0.57	
49	0.901	0.894	0.887	0.886	0.775	0.757	0.755	0.754	0.748	0.74	0.739	0.737	0.737	0.734	0.731	0.731	0.731	0.729	0.729	0.728	0.728	0.727	0.725	0.725	0.725	0.722	0.721	0.721	0.587	0.586	
50	0.813	0.807	0.804	0.763	0.763	0.759	0.753	0.75	0.742	0.741	0.739	0.738	0.737	0.732	0.731	0.73	0.73	0.728	0.728	0.727	0.726	0.725	0.724	0.722	0.722	0.721	0.704	0.695	0.581	0.561	
51	0.888	0.885	0.875	0.873	0.794	0.783	0.776	0.774	0.774	0.772	0.77	0.769	0.756	0.751	0.733	0.732	0.731	0.73	0.73	0.729	0.728	0.728	0.726	0.726	0.722	0.72	0.719	0.714	0.577	0.576	
52	0.801	0.799	0.744	0.744	0.741	0.737	0.736	0.735	0.735	0.733	0.731	0.73	0.73	0.73	0.729	0.729	0.729	0.728	0.728	0.727	0.727	0.727	0.727	0.726	0.726	0.726	0.725	0.724	0.579	0.574	
53	0.83	0.826	0.755	0.752	0.748	0.747	0.744	0.74	0.739	0.738	0.736	0.733	0.731	0.73	0.73	0.729	0.729	0.729	0.728	0.727	0.727	0.727	0.727	0.726	0.724	0.723	0.723	0.719	0.571	0.571	
54	0.811	0.763	0.756	0.752	0.752	0.751	0.749	0.749	0.747	0.743	0.733	0.733	0.733	0.732	0.73	0.73	0.729	0.727	0.727	0.727	0.726	0.725	0.725	0.725	0.725	0.724	0.724	0.723	0.578	0.572	
55	0.806	0.774	0.759	0.751	0.743	0.743	0.743	0.742	0.735	0.733	0.732	0.732	0.731	0.731	0.731	0.731	0.73	0.73	0.73	0.728	0.727	0.727	0.727	0.727	0.727	0.725	0.725	0.725	0.58	0.571	
56	0.789	0.788	0.767	0.763	0.759	0.757	0.743	0.735	0.733	0.733	0.732	0.732	0.732	0.731	0.731	0.73	0.729	0.729	0.728	0.728	0.728	0.727	0.726	0.726	0.723	0.722	0.717	0.716	0.572	0.57	
57	0.849	0.779	0.766	0.752	0.747	0.746	0.744	0.738	0.737	0.736	0.734	0.733	0.731	0.73	0.73	0.729	0.728	0.728	0.727	0.727	0.727	0.725	0.725	0.725	0.723	0.723	0.722	0.718	0.583	0.579	
58	0.78	0.779	0.777	0.774	0.747	0.744	0.742	0.735	0.734	0.734	0.734	0.733	0.733	0.732	0.731	0.73	0.73	0.729	0.729	0.728	0.728	0.728	0.728	0.727	0.727	0.725	0.725	0.723	0.575	0.572	
59	0.912	0.908	0.907	0.9	0.848	0.843	0.843	0.84	0.839	0.835	0.823	0.819	0.744	0.743	0.742	0.741	0.741	0.74	0.739	0.732	0.729	0.728	0.727	0.727	0.726	0.725	0.725	0.723	0.571	0.569	
60	0.825	0.796	0.795	0.792	0.746	0.743	0.742	0.741	0.741	0.737	0.734	0.733	0.732	0.732	0.731	0.73	0.729	0.728	0.727	0.727	0.726	0.724	0.724	0.724	0.723	0.722	0.721	0.721	0.575	0.571	
61	0.828	0.827	0.823	0.822	0.82	0.817	0.817	0.815	0.79	0.775	0.772	0.762	0.738	0.732	0.73	0.73	0.729	0.729	0.728	0.727	0.727	0.726	0.726	0.726	0.725	0.725	0.725	0.725	0.585	0.583	
62	0.911	0.906	0.894	0.893	0.893	0.891	0.879	0.876	0.834	0.828	0.789	0.769	0.757	0.755	0.747	0.745	0.739	0.736	0.735	0.732	0.732	0.731	0.729	0.729	0.729	0.728	0.727	0.727	0.581	0.577	
63	0.872	0.859	0.855	0.853	0.827	0.81	0.801	0.799	0.791	0.784	0.761	0.759	0.743	0.735	0.733	0.733	0.733	0.732	0.731	0.73	0.73	0.729	0.729	0.728	0.727	0.725	0.725	0.723	0.573	0.572	
64	0.937	0.934	0.931	0.929	0.927	0.925	0.923	0.92	0.918	0.913	0.913	0.911	0.757	0.753	0.748	0.743	0.742	0.736	0.733	0.732	0.73	0.73	0.729	0.729	0.729	0.728	0.726	0.725	0.566	0.565	
65	0.836	0.828	0.768	0.761	0.744	0.744	0.741	0.737	0.736	0.734	0.732	0.731	0.731	0.729	0.729	0.727	0.727	0.727	0.727	0.726	0.726	0.726	0.725	0.725	0.725	0.724	0.722	0.722	0.582	0.577	
66	0.812	0.805	0.766	0.758	0.747	0.743	0.742	0.734	0.732	0.732	0.731	0.731	0.731	0.731	0.73	0.73	0.73	0.729	0.728	0.728	0.728	0.727	0.726	0.725	0.724	0.721	0.72	0.717	0.572	0.567	
67	0.835	0.813	0.768	0.757	0.751	0.746	0.723	0.721	0.719	0.719	0.715	0.713	0.713	0.713	0.71	0.71	0.71	0.708	0.708	0.707	0.707	0.707	0.707	0.706	0.704	0.704	0.697	0.697	0.568	0.56	
68	0.821	0.808	0.759	0.757	0.738	0.735	0.727	0.722	0.72	0.72	0.715	0.715	0.714	0.712	0.711	0.711	0.709	0.709	0.708	0.708	0.707	0.706	0.706	0.706	0.706	0.701	0.7	0.699	0.64	0.56	
69	0.84	0.809	0.807	0.796	0.792	0.79	0.788	0.786	0.786	0.786	0.786	0.785	0.784	0.783	0.781	0.78	0.777	0.777	0.776	0.772	0.772	0.772	0.769	0.747	0.711	0.708	0.705	0.704	0.625	0.624	
70	0.822	0.813	0.797	0.796	0.795	0.791	0.79	0.787	0.787	0.787	0.786	0.786	0.786	0.785	0.784	0.783	0.783	0.783	0.782	0.781	0.781	0.78	0.777	0.747	0.706	0.706	0.705	0.705	0.621	0.606	
71	0.832	0.828	0.804	0.791	0.79	0.789	0.789	0.788	0.787	0.787	0.786	0.786	0.786	0.785	0.785	0.785	0.784	0.783	0.782	0.782	0.78	0.775	0.774	0.761	0.721	0.716	0.702	0.701	0.622	0.613	
72	0.848	0.814	0.807	0.805	0.8	0.799	0.793	0.789	0.787	0.786	0.785	0.784	0.783	0.782	0.782	0.781	0.78	0.78	0.78	0.78	0.78	0.777	0.765	0.763	0.711	0.71	0.709	0.705	0.619	0.619	
73	0.839	0.824	0.817	0.789	0.785	0.785	0.785	0.784	0.783	0.783	0.782	0.782	0.782	0.781	0.781	0.781	0.78	0.779	0.778	0.778	0.772	0.763	0.744	0.715	0.714	0.712	0.712	0.71	0.659	0.61	
74	0.823	0.811	0.803	0.787	0.787	0.786	0.786	0.785	0.785	0.784	0.784	0.784	0.784	0.784	0.784	0.783	0.781	0.78	0.778	0.777	0.776	0.773	0.742	0.73	0.718	0.717	0.714	0.706	0.624	0.623	
75	0.851	0.844	0.796	0.791	0.79	0.788	0.787	0.786	0.785	0.785	0.785	0.784	0.784	0.784	0.783	0.782	0.781	0.78	0.78	0.78	0.779	0.778	0.774	0.773	0.706	0.704	0.703	0.701	0.619	0.619	
76	0.86	0.828	0.827	0.826	0.824	0.821	0.818	0.8	0.8	0.797	0.795	0.794	0.787	0.785	0.782	0.781	0.781	0.776	0.775	0.775	0.773	0.773	0.767	0.748	0.711	0.709	0.708	0.707	0.632	0.621	
77	0.918	0.858	0.851	0.849	0.794	0.792	0.792	0.791	0.789	0.789	0.787	0.785	0.785	0.785	0.784	0.784	0.784	0.783	0.782	0.781	0.779	0.779	0.778	0.713	0.713	0.711	0.707	0.706	0.62	0.614	
78	0.816	0.813	0.807	0.806	0.804	0.804	0.787	0.786	0.785	0.784	0.783	0.783	0.782	0.779	0.779	0.778	0.778	0.778	0.777	0.777	0.777	0.777	0.775	0.774	0.71	0.709	0.709	0.704	0.621	0.619	
79	0.954	0.951	0.95	0.927	0.839	0.818	0.816	0.811	0.804	0.794	0.792	0.79	0.786	0.785	0.785	0.784	0.784	0.783	0.783	0.781	0.78	0.768	0.75	0.726	0.71	0.709	0.708	0.706	0.627	0.572	
80	0.831	0.823	0.813	0.789	0.786	0.785	0.783	0.783	0.783	0.783	0.783	0.782	0.782	0.782	0.781	0.78	0.78	0.78	0.78	0.779	0.779	0.777	0.776	0.74	0.707	0.704	0.704	0.7	0.626	0.607	
81	0.832	0.824	0.821	0.802	0.794	0.792	0.792	0.792	0.79	0.789	0.789	0.789	0.787	0.785	0.782	0.782	0.781	0.78	0.78	0.78	0.777	0.777	0.773	0.751	0.717	0.716	0.714	0.713	0.628	0.613	
82	0.861	0.842	0.827	0.795	0.794	0.791	0.788	0.788	0.786	0.782	0.782	0.782	0.782	0.781	0.78	0.779	0.779	0.778	0.776	0.776	0.775	0.775	0.774	0.751	0.71	0.709	0.707	0.703	0.62	0.618	
83	0.834	0.833	0.825	0.821	0.821	0.819	0.798	0.787	0.786	0.784	0.784	0.784	0.781	0.78	0.78	0.78	0.779	0.779	0.779	0.779	0.77	0.769	0.768	0.757	0.717	0.71	0.708	0.707	0.622	0.616	
84	0.849	0.847	0.814	0.801	0.799	0.798	0.798	0.796	0.796	0.787	0.787	0.787	0.787	0.786	0.785	0.784	0.784	0.781	0.781	0.781	0.777	0.774	0.764	0.761	0.711	0.709	0.706	0.704	0.63	0.627	
85	0.827	0.822	0.804	0.797	0.795	0.792	0.785	0.785	0.784	0.783	0.783	0.783	0.783	0.783	0.783	0.781	0.781	0.781	0.779	0.779	0.779	0.778	0.778	0.762	0.707	0.706	0.706	0.705	0.616	0.612	
86	0.841	0.835	0.818	0.799	0.795	0.785	0.785	0.783	0.783	0.783	0.78	0.78	0.78	0.78	0.779	0.779	0.777	0.777	0.776	0.776	0.775	0.772	0.769	0.768	0.729	0.724	0.723	0.721	0.627	0.611	
87	0.826	0.824	0.803	0.788	0.786	0.784	0.783	0.783	0.782	0.781	0.781	0.781	0.78	0.78	0.778	0.778	0.778	0.777	0.777	0.776	0.775	0.775	0.766	0.745	0.718	0.718	0.716	0.716	0.624	0.618	
88	0.829	0.816	0.793	0.79	0.788	0.786	0.785	0.785	0.783	0.783	0.782	0.782	0.781	0.78	0.78	0.779	0.779	0.775	0.775	0.774	0.77	0.766	0.76	0.738	0.711	0.711	0.709	0.706	0.616	0.613	
89	0.84	0.825	0.821	0.8	0.798	0.793	0.792	0.79	0.787	0.785	0.784	0.784	0.784	0.783	0.783	0.782	0.782	0.782	0.782	0.781	0.781	0.781	0.779	0.779	0.707	0.706	0.704	0.703	0.613	0.609	
90	0.825	0.822	0.82	0.813	0.801	0.801	0.799	0.799	0.794	0.794	0.793	0.79	0.79	0.789	0.789	0.787	0.781	0.781	0.781	0.781	0.779	0.779	0.763	0.752	0.749	0.708	0.698	0.695	0.63	0.615	
91	0.822	0.813	0.812	0.801	0.801	0.798	0.793	0.788	0.788	0.786	0.786	0.785	0.785	0.784	0.783	0.782	0.779	0.779	0.778	0.778	0.777	0.776	0.774	0.764	0.74	0.732	0.71	0.707	0.707	0.702	
92	0.821	0.816	0.805	0.787	0.785	0.784	0.784	0.784	0.783	0.783	0.783	0.782	0.781	0.78	0.78	0.779	0.778	0.778	0.777	0.777	0.774	0.774	0.772	0.771	0.713	0.711	0.71	0.71	0.618	0.615	
93	0.838	0.832	0.816	0.797	0.787	0.787	0.785	0.785	0.785	0.782	0.782	0.781	0.781	0.78	0.779	0.778	0.778	0.778	0.775	0.773	0.771	0.764	0.76	0.757	0.724	0.712	0.711	0.709	0.626	0.612	
94	1.026	1.01	0.8	0.796	0.795	0.79	0.788	0.787	0.787	0.785	0.785	0.784	0.784	0.784	0.784	0.783	0.782	0.781	0.779	0.779	0.778	0.778	0.759	0.743	0.706	0.703	0.701	0.697	0.66	0.656	
95	0.818	0.818	0.812	0.796	0.795	0.795	0.795	0.791	0.788	0.788	0.786	0.785	0.784	0.783	0.782	0.781	0.781	0.781	0.78	0.78	0.779	0.778	0.776	0.765	0.721	0.72	0.705	0.705	0.619	0.561	
96	1.259	1.25	1.236	1.137	1.104	0.972	0.943	0.916	0.896	0.888	0.885	0.825	0.818	0.817	0.815	0.814	0.813	0.812	0.812	0.812	0.801	0.799	0.799	0.763	0.733	0.728	0.726	0.713	0.704	0.672	
97	1.256	1.237	0.974	0.947	0.945	0.919	0.913	0.888	0.888	0.866	0.865	0.847	0.846	0.843	0.824	0.82	0.818	0.802	0.794	0.793	0.787	0.786	0.783	0.782	0.776	0.775	0.762	0.749	0.742	0.721	
98	1.225	1.215	1.158	1.145	1.092	1.087	1.06	1.047	1.014	1.007	0.995	0.926	0.924	0.896	0.866	0.853	0.827	0.808	0.773	0.76	0.758	0.758	0.755	0.752	0.748	0.741	0.737	0.734	0.733	0.675	
99	1.176	1.169	1.151	1.14	1.14	1.137	1.129	1.084	1.08	1.066	0.929	0.873	0.868	0.831	0.823	0.822	0.796	0.794	0.791	0.78	0.775	0.772	0.771	0.766	0.763	0.761	0.76	0.757	0.757	0.678	
100	1.151	1.063	1.007	0.986	0.964	0.929	0.916	0.901	0.897	0.896	0.886	0.853	0.853	0.85	0.848	0.835	0.785	0.784	0.782	0.765	0.763	0.756	0.754	0.746	0.744	0.741	0.734	0.728	0.673	0.623	
101	1.346	1.268	1.226	1.218	1.212	1.187	1.181	1.179	1.148	1.137	1.125	1.112	1.082	1.041	0.993	0.866	0.847	0.839	0.834	0.827	0.812	0.786	0.782	0.767	0.741	0.739	0.736	0.728	0.728	0.719	
102	1.26	1.25	1.247	1.24	1.236	1.232	1.23	1.22	1.216	1.189	1.187	1.176	1.174	1.172	1.168	1.165	1.162	1.162	1.151	1.151	1.151	1.151	1.148	1.145	1.145	1.143	1.14	1.14	1.137	1.136	
103	1.19	1.184	1.164	1.148	1.134	1.124	1.118	1.058	1.032	0.966	0.946	0.931	0.894	0.887	0.878	0.854	0.846	0.846	0.824	0.779	0.762	0.753	0.752	0.739	0.738	0.733	0.732	0.731	0.729	0.679	
104	1.176	1.129	1.072	1.034	1.008	1.008	0.986	0.986	0.906	0.828	0.813	0.811	0.809	0.803	0.788	0.774	0.772	0.758	0.756	0.753	0.748	0.747	0.741	0.739	0.739	0.737	0.736	0.735	0.733	0.683	
105	1.201	1.153	1.136	1.01	0.979	0.974	0.936	0.932	0.918	0.897	0.86	0.851	0.845	0.84	0.824	0.818	0.816	0.802	0.794	0.789	0.786	0.772	0.77	0.77	0.763	0.761	0.759	0.755	0.747	0.738	
106	1.11	1.107	1.107	1.094	1.073	1.0	0.969	0.96	0.858	0.844	0.84	0.801	0.793	0.764	0.762	0.762	0.749	0.749	0.747	0.738	0.738	0.734	0.732	0.731	0.73	0.73	0.727	0.726	0.726	0.702	
107	1.123	1.113	1.073	1.065	1.029	0.978	0.903	0.893	0.89	0.869	0.842	0.838	0.836	0.804	0.804	0.801	0.8	0.778	0.776	0.762	0.757	0.755	0.745	0.736	0.736	0.735	0.731	0.731	0.715	0.705	
108	1.137	1.092	1.065	1.058	1.035	1.033	0.943	0.892	0.844	0.81	0.804	0.797	0.791	0.774	0.759	0.75	0.747	0.746	0.739	0.736	0.734	0.729	0.722	0.721	0.721	0.719	0.717	0.704	0.636	0.563	
109	0.779	0.759	0.756	0.745	0.736	0.731	0.728	0.723	0.722	0.722	0.721	0.721	0.72	0.719	0.718	0.715	0.715	0.714	0.714	0.714	0.714	0.714	0.713	0.711	0.709	0.709	0.709	0.708	0.57	0.568	
110	0.823	0.822	0.792	0.782	0.765	0.765	0.745	0.744	0.74	0.738	0.735	0.732	0.731	0.723	0.72	0.72	0.72	0.719	0.717	0.716	0.715	0.715	0.71	0.709	0.708	0.707	0.705	0.702	0.595	0.566	
111	0.813	0.76	0.748	0.746	0.721	0.72	0.72	0.719	0.718	0.718	0.718	0.718	0.717	0.716	0.716	0.715	0.714	0.714	0.714	0.713	0.712	0.711	0.71	0.71	0.709	0.709	0.707	0.706	0.571	0.566	
112	0.775	0.756	0.754	0.748	0.729	0.728	0.728	0.727	0.727	0.726	0.723	0.719	0.719	0.718	0.718	0.717	0.716	0.716	0.716	0.715	0.715	0.713	0.712	0.712	0.712	0.711	0.709	0.708	0.564	0.562	
113	0.85	0.845	0.742	0.74	0.732	0.73	0.73	0.728	0.723	0.721	0.72	0.719	0.719	0.719	0.718	0.718	0.718	0.718	0.717	0.716	0.716	0.716	0.716	0.716	0.715	0.715	0.712	0.707	0.581	0.581	
114	0.835	0.803	0.751	0.75	0.743	0.742	0.734	0.733	0.728	0.728	0.725	0.722	0.721	0.719	0.717	0.717	0.717	0.716	0.715	0.715	0.715	0.714	0.713	0.71	0.71	0.71	0.709	0.707	0.58	0.575	
115	0.866	0.856	0.802	0.792	0.734	0.734	0.733	0.73	0.724	0.722	0.722	0.722	0.719	0.719	0.718	0.718	0.717	0.717	0.715	0.715	0.715	0.714	0.714	0.714	0.712	0.712	0.71	0.709	0.567	0.563	
116	0.864	0.834	0.819	0.78	0.732	0.725	0.723	0.722	0.721	0.721	0.72	0.719	0.719	0.719	0.718	0.717	0.717	0.716	0.716	0.714	0.714	0.713	0.712	0.712	0.712	0.712	0.707	0.699	0.577	0.571	
117	0.807	0.8	0.766	0.755	0.737	0.735	0.733	0.733	0.731	0.726	0.725	0.722	0.721	0.721	0.721	0.719	0.719	0.718	0.718	0.717	0.715	0.714	0.714	0.713	0.713	0.713	0.713	0.712	0.585	0.582	
118	0.826	0.818	0.781	0.772	0.763	0.749	0.747	0.744	0.744	0.739	0.734	0.731	0.729	0.726	0.724	0.722	0.721	0.72	0.72	0.72	0.72	0.719	0.718	0.718	0.718	0.717	0.713	0.711	0.578	0.575	
119	0.976	0.818	0.813	0.758	0.752	0.744	0.741	0.741	0.738	0.734	0.734	0.732	0.732	0.731	0.725	0.725	0.721	0.72	0.719	0.719	0.717	0.716	0.716	0.714	0.713	0.712	0.712	0.71	0.681	0.671	
120	0.996	0.961	0.873	0.869	0.832	0.832	0.749	0.749	0.735	0.735	0.735	0.733	0.732	0.73	0.728	0.726	0.726	0.723	0.723	0.723	0.723	0.721	0.721	0.721	0.717	0.714	0.711	0.707	0.608	0.577	
121	0.766	0.757	0.743	0.741	0.722	0.722	0.72	0.72	0.719	0.718	0.718	0.718	0.717	0.717	0.716	0.716	0.715	0.715	0.714	0.714	0.714	0.714	0.713	0.712	0.712	0.712	0.711	0.711	0.627	0.56	
122	0.84	0.827	0.807	0.803	0.803	0.802	0.802	0.801	0.799	0.798	0.798	0.796	0.795	0.795	0.794	0.794	0.794	0.794	0.793	0.793	0.793	0.792	0.791	0.756	0.729	0.729	0.726	0.723	0.639	0.622	
123	0.903	0.892	0.89	0.888	0.884	0.88	0.864	0.861	0.839	0.833	0.812	0.803	0.8	0.799	0.798	0.798	0.796	0.796	0.796	0.795	0.793	0.793	0.791	0.752	0.716	0.715	0.714	0.712	0.635	0.618	
124	0.903	0.886	0.882	0.88	0.827	0.824	0.818	0.817	0.813	0.809	0.808	0.806	0.805	0.802	0.802	0.8	0.8	0.797	0.797	0.796	0.796	0.796	0.794	0.793	0.791	0.79	0.755	0.711	0.634	0.622	
125	1.041	1.012	1.004	0.969	0.958	0.955	0.901	0.865	0.825	0.824	0.823	0.819	0.817	0.814	0.809	0.809	0.808	0.808	0.808	0.807	0.806	0.805	0.805	0.805	0.803	0.8	0.8	0.794	0.637	0.636	
126	0.963	0.958	0.954	0.94	0.84	0.829	0.823	0.816	0.815	0.814	0.811	0.809	0.807	0.807	0.806	0.806	0.805	0.805	0.804	0.804	0.802	0.802	0.801	0.799	0.797	0.796	0.769	0.757	0.676	0.664	
127	0.863	0.857	0.853	0.853	0.84	0.833	0.804	0.791	0.787	0.767	0.765	0.764	0.763	0.761	0.755	0.754	0.753	0.751	0.75	0.749	0.749	0.749	0.748	0.747	0.747	0.746	0.745	0.721	0.715	0.706	
128	0.857	0.856	0.851	0.835	0.813	0.798	0.797	0.76	0.758	0.757	0.757	0.756	0.756	0.755	0.754	0.754	0.754	0.754	0.753	0.753	0.753	0.752	0.752	0.752	0.751	0.749	0.749	0.749	0.617	0.608	
129	0.787	0.786	0.783	0.764	0.758	0.757	0.757	0.756	0.755	0.755	0.755	0.755	0.754	0.754	0.753	0.752	0.751	0.75	0.75	0.75	0.749	0.749	0.748	0.748	0.748	0.747	0.733	0.71	0.6	0.596	
130	0.847	0.831	0.827	0.826	0.824	0.802	0.784	0.782	0.781	0.781	0.781	0.781	0.78	0.778	0.778	0.778	0.777	0.777	0.777	0.777	0.776	0.776	0.776	0.774	0.771	0.77	0.716	0.703	0.621	0.619	
131	0.842	0.83	0.807	0.799	0.797	0.797	0.796	0.792	0.791	0.788	0.787	0.785	0.784	0.783	0.783	0.783	0.783	0.781	0.78	0.779	0.778	0.778	0.778	0.77	0.762	0.762	0.727	0.709	0.631	0.619	
132	0.833	0.83	0.826	0.824	0.806	0.803	0.798	0.795	0.795	0.794	0.794	0.791	0.79	0.789	0.788	0.786	0.786	0.783	0.781	0.78	0.778	0.777	0.776	0.775	0.762	0.736	0.722	0.708	0.646	0.645	
133	0.861	0.852	0.84	0.817	0.797	0.797	0.794	0.793	0.791	0.791	0.791	0.79	0.789	0.786	0.785	0.785	0.785	0.783	0.779	0.778	0.777	0.765	0.764	0.764	0.742	0.72	0.701	0.699	0.624	0.62	
134	0.835	0.825	0.82	0.803	0.791	0.787	0.787	0.787	0.786	0.785	0.785	0.785	0.785	0.784	0.784	0.784	0.783	0.782	0.782	0.781	0.781	0.781	0.78	0.78	0.729	0.725	0.72	0.716	0.617	0.614	
135	0.887	0.882	0.814	0.804	0.794	0.792	0.791	0.787	0.786	0.785	0.785	0.784	0.784	0.784	0.784	0.783	0.782	0.781	0.78	0.78	0.78	0.78	0.779	0.752	0.734	0.731	0.717	0.709	0.634	0.625	
136	0.838	0.836	0.804	0.79	0.786	0.784	0.784	0.784	0.783	0.783	0.781	0.781	0.781	0.781	0.779	0.779	0.779	0.777	0.777	0.776	0.776	0.775	0.772	0.769	0.765	0.764	0.754	0.739	0.637	0.625	
137	0.839	0.836	0.828	0.82	0.796	0.796	0.786	0.786	0.785	0.784	0.783	0.783	0.783	0.783	0.782	0.782	0.781	0.781	0.778	0.778	0.778	0.776	0.775	0.769	0.737	0.725	0.715	0.71	0.621	0.614	
138	0.819	0.808	0.8	0.798	0.797	0.795	0.794	0.789	0.787	0.786	0.786	0.786	0.785	0.785	0.785	0.785	0.784	0.783	0.783	0.781	0.779	0.779	0.776	0.73	0.725	0.722	0.711	0.71	0.622	0.608	
139	0.833	0.819	0.818	0.799	0.796	0.793	0.793	0.788	0.787	0.785	0.784	0.784	0.784	0.784	0.784	0.782	0.781	0.78	0.779	0.778	0.773	0.771	0.757	0.737	0.726	0.72	0.711	0.709	0.629	0.624	
140	0.834	0.827	0.826	0.81	0.806	0.806	0.806	0.8	0.798	0.798	0.795	0.795	0.794	0.794	0.794	0.794	0.793	0.793	0.792	0.792	0.792	0.79	0.786	0.774	0.726	0.715	0.711	0.711	0.634	0.632	
141	0.846	0.839	0.813	0.813	0.807	0.806	0.801	0.8	0.799	0.798	0.797	0.797	0.797	0.796	0.795	0.794	0.793	0.792	0.792	0.79	0.79	0.786	0.781	0.772	0.771	0.755	0.697	0.697	0.641	0.638	
142	0.829	0.815	0.789	0.78	0.779	0.769	0.768	0.765	0.763	0.763	0.763	0.762	0.761	0.761	0.761	0.757	0.757	0.757	0.756	0.755	0.752	0.751	0.747	0.739	0.731	0.729	0.717	0.716	0.713	0.711	
143	0.834	0.833	0.819	0.805	0.792	0.791	0.764	0.763	0.763	0.761	0.761	0.761	0.761	0.761	0.761	0.76	0.76	0.76	0.759	0.758	0.757	0.756	0.741	0.741	0.732	0.725	0.708	0.704	0.612	0.607	
144	0.816	0.812	0.811	0.771	0.771	0.769	0.769	0.769	0.768	0.761	0.76	0.76	0.759	0.759	0.759	0.757	0.757	0.756	0.755	0.754	0.752	0.75	0.749	0.746	0.73	0.724	0.711	0.707	0.604	0.598	
145	0.816	0.812	0.797	0.775	0.772	0.771	0.768	0.767	0.766	0.766	0.765	0.765	0.76	0.759	0.759	0.759	0.756	0.756	0.755	0.754	0.753	0.753	0.752	0.751	0.73	0.724	0.714	0.707	0.601	0.594	
146	0.836	0.788	0.784	0.779	0.773	0.768	0.768	0.767	0.767	0.766	0.765	0.765	0.763	0.761	0.76	0.759	0.759	0.758	0.758	0.757	0.757	0.754	0.754	0.723	0.718	0.707	0.704	0.703	0.612	0.606	
147	0.814	0.806	0.802	0.795	0.782	0.78	0.766	0.764	0.763	0.763	0.762	0.76	0.76	0.759	0.759	0.759	0.759	0.759	0.759	0.756	0.756	0.755	0.752	0.73	0.721	0.715	0.713	0.708	0.632	0.616	
148	0.83	0.807	0.802	0.767	0.764	0.762	0.762	0.761	0.761	0.76	0.76	0.76	0.759	0.759	0.758	0.758	0.756	0.756	0.756	0.755	0.755	0.754	0.753	0.751	0.724	0.72	0.72	0.714	0.594	0.593	
149	0.855	0.824	0.818	0.767	0.764	0.764	0.762	0.761	0.76	0.76	0.76	0.76	0.759	0.759	0.759	0.758	0.758	0.758	0.757	0.757	0.755	0.755	0.754	0.753	0.718	0.717	0.707	0.702	0.604	0.601	
150	0.798	0.794	0.784	0.783	0.776	0.775	0.774	0.773	0.772	0.765	0.764	0.763	0.763	0.761	0.76	0.76	0.759	0.759	0.758	0.757	0.756	0.756	0.755	0.755	0.752	0.75	0.708	0.707	0.607	0.595	
151	0.814	0.811	0.799	0.798	0.793	0.771	0.767	0.761	0.761	0.761	0.76	0.76	0.759	0.759	0.759	0.759	0.758	0.758	0.757	0.756	0.756	0.756	0.755	0.753	0.748	0.747	0.741	0.736	0.595	0.594	
152	0.801	0.798	0.796	0.782	0.775	0.772	0.771	0.762	0.761	0.761	0.757	0.757	0.757	0.755	0.755	0.754	0.753	0.752	0.752	0.751	0.75	0.748	0.748	0.747	0.744	0.734	0.731	0.707	0.597	0.597	
153	0.812	0.811	0.799	0.782	0.771	0.77	0.768	0.76	0.756	0.755	0.755	0.755	0.754	0.754	0.753	0.753	0.752	0.752	0.75	0.749	0.748	0.748	0.748	0.747	0.746	0.721	0.721	0.709	0.599	0.598	
154	0.823	0.796	0.782	0.774	0.765	0.764	0.76	0.76	0.757	0.757	0.757	0.757	0.757	0.757	0.756	0.756	0.755	0.755	0.755	0.755	0.754	0.754	0.754	0.752	0.751	0.731	0.726	0.712	0.604	0.592	
155	0.812	0.809	0.793	0.767	0.766	0.765	0.761	0.756	0.755	0.755	0.755	0.755	0.754	0.753	0.753	0.751	0.751	0.75	0.749	0.749	0.747	0.747	0.746	0.746	0.743	0.726	0.723	0.716	0.599	0.597	
156	0.806	0.804	0.775	0.762	0.758	0.756	0.756	0.756	0.755	0.755	0.754	0.754	0.754	0.754	0.754	0.753	0.753	0.753	0.75	0.749	0.748	0.748	0.748	0.735	0.73	0.729	0.727	0.721	0.597	0.588	
157	0.805	0.804	0.802	0.764	0.763	0.76	0.759	0.759	0.758	0.757	0.756	0.755	0.755	0.754	0.754	0.753	0.752	0.751	0.75	0.75	0.749	0.748	0.748	0.743	0.723	0.722	0.719	0.711	0.605	0.596	
158	0.823	0.796	0.786	0.778	0.777	0.763	0.759	0.757	0.756	0.754	0.754	0.754	0.753	0.753	0.753	0.751	0.751	0.75	0.749	0.748	0.748	0.747	0.747	0.747	0.73	0.729	0.729	0.716	0.608	0.608	
159	0.801	0.782	0.779	0.777	0.775	0.773	0.768	0.768	0.758	0.757	0.757	0.756	0.755	0.755	0.753	0.753	0.752	0.752	0.751	0.75	0.749	0.748	0.747	0.747	0.72	0.72	0.718	0.717	0.592	0.591	
160	0.823	0.821	0.82	0.812	0.806	0.806	0.768	0.766	0.765	0.76	0.758	0.757	0.757	0.757	0.756	0.753	0.752	0.752	0.751	0.748	0.745	0.733	0.732	0.728	0.728	0.726	0.722	0.707	0.607	0.599	
161	0.829	0.803	0.795	0.772	0.764	0.764	0.76	0.76	0.759	0.758	0.755	0.755	0.755	0.755	0.753	0.753	0.753	0.752	0.752	0.751	0.751	0.748	0.748	0.747	0.747	0.726	0.713	0.702	0.597	0.59	
162	0.825	0.807	0.806	0.771	0.771	0.768	0.768	0.765	0.762	0.761	0.757	0.757	0.756	0.756	0.756	0.756	0.756	0.755	0.754	0.752	0.751	0.751	0.75	0.749	0.749	0.72	0.712	0.712	0.602	0.598	
163	0.859	0.834	0.826	0.822	0.775	0.77	0.764	0.764	0.761	0.759	0.758	0.758	0.757	0.755	0.754	0.754	0.753	0.753	0.752	0.751	0.751	0.751	0.751	0.748	0.745	0.725	0.717	0.717	0.618	0.606	
164	0.838	0.795	0.795	0.775	0.76	0.759	0.758	0.758	0.757	0.757	0.757	0.757	0.757	0.756	0.755	0.754	0.754	0.752	0.752	0.752	0.751	0.751	0.75	0.75	0.749	0.729	0.722	0.716	0.593	0.589	
165	0.795	0.79	0.789	0.785	0.765	0.758	0.758	0.757	0.757	0.756	0.756	0.754	0.754	0.754	0.752	0.752	0.75	0.75	0.75	0.748	0.748	0.747	0.747	0.745	0.738	0.729	0.722	0.721	0.597	0.595	
166	0.828	0.822	0.821	0.819	0.783	0.78	0.762	0.759	0.758	0.757	0.757	0.757	0.755	0.754	0.754	0.752	0.751	0.75	0.75	0.749	0.749	0.748	0.732	0.732	0.732	0.724	0.723	0.723	0.606	0.603	
167	0.799	0.799	0.797	0.777	0.77	0.769	0.768	0.766	0.765	0.762	0.761	0.761	0.758	0.758	0.757	0.755	0.755	0.754	0.754	0.751	0.75	0.75	0.747	0.729	0.717	0.717	0.712	0.704	0.597	0.591	
168	0.823	0.82	0.817	0.813	0.81	0.803	0.802	0.8	0.8	0.799	0.799	0.798	0.797	0.797	0.797	0.797	0.795	0.794	0.793	0.793	0.792	0.791	0.791	0.749	0.73	0.727	0.726	0.721	0.633	0.632	
169	0.838	0.822	0.815	0.81	0.81	0.81	0.803	0.801	0.801	0.8	0.799	0.798	0.798	0.797	0.796	0.795	0.794	0.793	0.793	0.793	0.792	0.757	0.728	0.728	0.726	0.725	0.724	0.71	0.652	0.628	
170	0.858	0.841	0.78	0.773	0.759	0.758	0.757	0.757	0.756	0.756	0.756	0.755	0.754	0.754	0.753	0.752	0.752	0.752	0.752	0.751	0.751	0.751	0.751	0.75	0.726	0.725	0.724	0.721	0.596	0.596	
171	0.794	0.793	0.791	0.787	0.758	0.756	0.756	0.756	0.755	0.754	0.754	0.754	0.753	0.751	0.751	0.751	0.75	0.75	0.749	0.749	0.749	0.748	0.748	0.747	0.724	0.724	0.723	0.721	0.6	0.596	
172	0.806	0.805	0.774	0.769	0.768	0.763	0.76	0.758	0.755	0.755	0.755	0.754	0.754	0.754	0.753	0.751	0.75	0.75	0.75	0.748	0.747	0.745	0.737	0.724	0.72	0.719	0.718	0.717	0.609	0.605	
173	0.799	0.797	0.787	0.771	0.77	0.767	0.765	0.758	0.758	0.756	0.756	0.756	0.755	0.755	0.755	0.753	0.753	0.753	0.751	0.75	0.75	0.749	0.747	0.739	0.724	0.723	0.723	0.723	0.6	0.589	
174	0.819	0.815	0.799	0.795	0.765	0.763	0.757	0.757	0.756	0.756	0.756	0.755	0.754	0.754	0.753	0.753	0.752	0.752	0.752	0.751	0.751	0.749	0.749	0.749	0.73	0.729	0.726	0.725	0.596	0.596	
175	0.83	0.829	0.81	0.8	0.8	0.797	0.758	0.758	0.757	0.756	0.756	0.755	0.755	0.754	0.754	0.753	0.753	0.749	0.749	0.748	0.747	0.747	0.74	0.735	0.727	0.726	0.725	0.725	0.617	0.61	
176	0.807	0.797	0.79	0.761	0.761	0.759	0.758	0.758	0.756	0.756	0.755	0.755	0.755	0.754	0.753	0.753	0.753	0.753	0.753	0.752	0.752	0.751	0.749	0.748	0.725	0.722	0.721	0.721	0.597	0.592	
177	0.798	0.798	0.797	0.786	0.78	0.773	0.765	0.764	0.763	0.762	0.758	0.757	0.756	0.756	0.755	0.754	0.754	0.752	0.751	0.751	0.75	0.749	0.746	0.743	0.73	0.727	0.725	0.72	0.616	0.614	
178	0.808	0.807	0.771	0.77	0.769	0.765	0.764	0.763	0.761	0.76	0.76	0.757	0.756	0.755	0.755	0.753	0.752	0.752	0.751	0.751	0.75	0.75	0.75	0.747	0.747	0.745	0.723	0.721	0.597	0.592	
179	0.804	0.802	0.791	0.787	0.772	0.765	0.765	0.764	0.761	0.759	0.759	0.758	0.758	0.757	0.756	0.756	0.756	0.755	0.753	0.753	0.753	0.751	0.749	0.747	0.741	0.724	0.715	0.714	0.597	0.595	
180	0.854	0.82	0.807	0.795	0.785	0.778	0.773	0.766	0.762	0.76	0.76	0.758	0.758	0.757	0.757	0.756	0.755	0.754	0.754	0.754	0.753	0.752	0.751	0.751	0.751	0.725	0.722	0.722	0.606	0.603	
181	0.814	0.806	0.793	0.779	0.778	0.762	0.76	0.759	0.758	0.757	0.757	0.757	0.755	0.754	0.752	0.751	0.75	0.75	0.75	0.75	0.749	0.749	0.748	0.746	0.744	0.726	0.718	0.716	0.593	0.587	
182	0.826	0.823	0.799	0.777	0.776	0.759	0.758	0.757	0.756	0.755	0.755	0.754	0.753	0.753	0.753	0.75	0.75	0.75	0.749	0.748	0.747	0.746	0.746	0.745	0.742	0.717	0.716	0.713	0.596	0.592	
183	0.811	0.809	0.806	0.779	0.762	0.759	0.757	0.755	0.754	0.754	0.754	0.753	0.753	0.752	0.752	0.751	0.751	0.75	0.75	0.75	0.749	0.749	0.749	0.748	0.748	0.72	0.718	0.718	0.598	0.597	
184	0.825	0.801	0.788	0.786	0.775	0.769	0.767	0.765	0.76	0.759	0.759	0.759	0.758	0.757	0.757	0.757	0.756	0.756	0.755	0.755	0.755	0.754	0.752	0.751	0.751	0.723	0.718	0.716	0.599	0.599	
185	0.835	0.792	0.784	0.783	0.78	0.766	0.765	0.762	0.761	0.759	0.758	0.758	0.757	0.757	0.757	0.756	0.756	0.755	0.755	0.753	0.752	0.751	0.751	0.75	0.745	0.726	0.72	0.719	0.6	0.596	
186	0.832	0.798	0.785	0.781	0.776	0.769	0.767	0.767	0.765	0.764	0.763	0.755	0.755	0.754	0.754	0.753	0.752	0.752	0.751	0.75	0.75	0.749	0.746	0.746	0.742	0.726	0.72	0.718	0.593	0.591	
187	0.816	0.807	0.799	0.794	0.774	0.761	0.76	0.759	0.759	0.758	0.758	0.758	0.756	0.756	0.755	0.755	0.755	0.754	0.753	0.752	0.752	0.75	0.749	0.748	0.748	0.718	0.717	0.716	0.603	0.602	
188	0.823	0.808	0.805	0.801	0.795	0.794	0.793	0.77	0.761	0.76	0.757	0.756	0.756	0.756	0.755	0.755	0.754	0.753	0.752	0.752	0.751	0.75	0.749	0.741	0.736	0.736	0.736	0.733	0.605	0.594	
189	0.81	0.806	0.778	0.766	0.764	0.762	0.762	0.761	0.76	0.759	0.757	0.757	0.756	0.755	0.755	0.754	0.754	0.754	0.754	0.753	0.752	0.752	0.752	0.751	0.751	0.743	0.736	0.71	0.59	0.59	
190	0.819	0.817	0.812	0.797	0.792	0.773	0.773	0.766	0.764	0.762	0.758	0.757	0.756	0.756	0.754	0.752	0.752	0.75	0.75	0.75	0.749	0.749	0.748	0.738	0.736	0.717	0.716	0.71	0.598	0.596	
191	0.826	0.806	0.79	0.786	0.765	0.765	0.762	0.761	0.758	0.757	0.755	0.754	0.754	0.754	0.753	0.752	0.751	0.751	0.751	0.751	0.75	0.75	0.749	0.747	0.745	0.735	0.726	0.725	0.6	0.6	
192	0.804	0.801	0.8	0.781	0.781	0.78	0.756	0.756	0.755	0.755	0.755	0.755	0.754	0.754	0.752	0.752	0.751	0.751	0.749	0.749	0.749	0.749	0.748	0.747	0.746	0.722	0.722	0.721	0.602	0.602	
193	0.829	0.82	0.814	0.778	0.775	0.761	0.759	0.756	0.756	0.756	0.755	0.755	0.755	0.754	0.753	0.753	0.752	0.752	0.752	0.752	0.751	0.751	0.749	0.749	0.747	0.72	0.72	0.719	0.599	0.596	
194	0.846	0.822	0.811	0.809	0.798	0.794	0.783	0.761	0.76	0.758	0.758	0.757	0.757	0.756	0.756	0.755	0.754	0.754	0.753	0.753	0.752	0.751	0.749	0.747	0.745	0.744	0.711	0.711	0.613	0.61	
195	0.821	0.792	0.771	0.77	0.769	0.768	0.768	0.767	0.765	0.763	0.762	0.761	0.761	0.757	0.756	0.756	0.755	0.755	0.755	0.754	0.754	0.753	0.752	0.752	0.751	0.75	0.707	0.704	0.595	0.592	
196	0.81	0.808	0.801	0.786	0.774	0.771	0.77	0.766	0.759	0.759	0.758	0.757	0.757	0.756	0.756	0.755	0.755	0.755	0.754	0.753	0.753	0.752	0.752	0.749	0.747	0.745	0.714	0.712	0.605	0.596	
197	0.814	0.799	0.797	0.786	0.77	0.768	0.767	0.766	0.766	0.766	0.762	0.76	0.76	0.759	0.758	0.758	0.756	0.755	0.754	0.753	0.751	0.75	0.75	0.748	0.747	0.745	0.727	0.719	0.6	0.591	
198	0.839	0.817	0.79	0.776	0.766	0.765	0.763	0.76	0.76	0.759	0.758	0.758	0.758	0.757	0.756	0.756	0.756	0.755	0.755	0.754	0.752	0.751	0.75	0.749	0.747	0.745	0.707	0.707	0.605	0.603	
199	0.812	0.81	0.803	0.796	0.777	0.768	0.766	0.765	0.763	0.763	0.762	0.762	0.762	0.761	0.759	0.758	0.758	0.757	0.757	0.755	0.754	0.754	0.75	0.727	0.719	0.719	0.717	0.714	0.606	0.604	
200	0.822	0.816	0.787	0.777	0.761	0.761	0.759	0.759	0.759	0.759	0.759	0.759	0.758	0.758	0.758	0.758	0.757	0.757	0.756	0.756	0.755	0.755	0.753	0.753	0.752	0.742	0.742	0.735	0.593	0.592	
201	0.827	0.815	0.784	0.773	0.771	0.768	0.767	0.764	0.764	0.763	0.763	0.762	0.761	0.761	0.76	0.756	0.756	0.755	0.754	0.754	0.754	0.753	0.753	0.751	0.727	0.726	0.722	0.722	0.604	0.597	
202	0.823	0.807	0.806	0.783	0.783	0.771	0.762	0.761	0.761	0.76	0.76	0.759	0.759	0.758	0.756	0.755	0.755	0.754	0.754	0.754	0.752	0.751	0.751	0.75	0.727	0.725	0.724	0.724	0.616	0.597	
203	0.804	0.798	0.79	0.786	0.771	0.771	0.769	0.765	0.763	0.761	0.761	0.761	0.759	0.758	0.758	0.758	0.757	0.757	0.757	0.755	0.754	0.754	0.753	0.751	0.734	0.727	0.727	0.727	0.594	0.587	
204	0.811	0.804	0.782	0.78	0.77	0.769	0.769	0.764	0.762	0.761	0.761	0.759	0.759	0.758	0.757	0.755	0.755	0.755	0.755	0.754	0.754	0.753	0.753	0.745	0.733	0.727	0.72	0.72	0.604	0.597	
205	0.828	0.814	0.807	0.797	0.763	0.763	0.76	0.76	0.76	0.76	0.76	0.759	0.759	0.758	0.758	0.758	0.757	0.756	0.755	0.754	0.753	0.752	0.749	0.744	0.741	0.735	0.735	0.734	0.598	0.598	
206	0.848	0.847	0.803	0.793	0.776	0.774	0.763	0.763	0.761	0.761	0.76	0.759	0.759	0.758	0.758	0.758	0.756	0.755	0.755	0.754	0.751	0.749	0.748	0.748	0.742	0.737	0.734	0.732	0.605	0.601	
207	0.829	0.827	0.818	0.794	0.775	0.774	0.773	0.771	0.766	0.765	0.764	0.764	0.763	0.762	0.761	0.761	0.761	0.759	0.758	0.758	0.757	0.755	0.754	0.754	0.754	0.753	0.752	0.704	0.613	0.593	
208	0.861	0.836	0.813	0.799	0.798	0.795	0.792	0.785	0.775	0.772	0.771	0.769	0.769	0.768	0.765	0.764	0.764	0.764	0.764	0.761	0.76	0.759	0.756	0.755	0.754	0.752	0.748	0.71	0.618	0.564	
209	0.847	0.809	0.806	0.801	0.794	0.774	0.768	0.765	0.764	0.763	0.762	0.761	0.761	0.76	0.76	0.759	0.759	0.759	0.758	0.758	0.758	0.757	0.756	0.756	0.755	0.755	0.755	0.737	0.598	0.598	
210	0.866	0.856	0.791	0.791	0.773	0.772	0.77	0.769	0.766	0.765	0.764	0.763	0.762	0.761	0.761	0.761	0.76	0.76	0.759	0.759	0.759	0.759	0.756	0.756	0.754	0.754	0.751	0.694	0.607	0.584	
211	0.852	0.794	0.78	0.779	0.778	0.776	0.758	0.749	0.734	0.733	0.733	0.732	0.732	0.732	0.731	0.731	0.73	0.729	0.729	0.729	0.728	0.726	0.726	0.725	0.725	0.724	0.723	0.722	0.586	0.573	
212	0.809	0.802	0.762	0.758	0.75	0.747	0.746	0.74	0.731	0.731	0.73	0.73	0.728	0.728	0.728	0.727	0.726	0.725	0.725	0.724	0.722	0.722	0.722	0.721	0.721	0.719	0.718	0.714	0.582	0.581	
213	0.824	0.785	0.775	0.765	0.743	0.743	0.743	0.739	0.737	0.737	0.737	0.733	0.733	0.732	0.732	0.731	0.73	0.729	0.728	0.728	0.727	0.727	0.726	0.724	0.724	0.722	0.717	0.717	0.571	0.57	
214	0.843	0.777	0.772	0.764	0.738	0.736	0.735	0.732	0.732	0.731	0.731	0.73	0.73	0.73	0.73	0.729	0.728	0.728	0.727	0.727	0.727	0.726	0.722	0.722	0.722	0.72	0.719	0.717	0.578	0.576	
215	0.772	0.765	0.754	0.748	0.734	0.732	0.731	0.731	0.731	0.73	0.73	0.729	0.727	0.727	0.727	0.727	0.726	0.726	0.725	0.725	0.725	0.724	0.724	0.722	0.721	0.72	0.719	0.719	0.571	0.569	
216	0.778	0.765	0.752	0.743	0.739	0.736	0.736	0.735	0.735	0.734	0.733	0.73	0.73	0.73	0.73	0.729	0.728	0.727	0.727	0.727	0.726	0.725	0.725	0.725	0.724	0.724	0.723	0.721	0.577	0.577	
217	0.782	0.779	0.776	0.771	0.771	0.771	0.76	0.747	0.74	0.737	0.736	0.735	0.733	0.733	0.732	0.731	0.731	0.73	0.73	0.729	0.729	0.727	0.727	0.725	0.717	0.717	0.716	0.716	0.584	0.567	
218	0.793	0.783	0.766	0.759	0.758	0.745	0.744	0.743	0.742	0.741	0.74	0.735	0.735	0.734	0.732	0.731	0.729	0.729	0.728	0.728	0.728	0.727	0.727	0.727	0.727	0.725	0.725	0.724	0.58	0.573	
219	0.807	0.773	0.768	0.765	0.758	0.744	0.735	0.734	0.733	0.731	0.731	0.731	0.731	0.731	0.73	0.73	0.729	0.729	0.729	0.729	0.729	0.729	0.729	0.728	0.725	0.723	0.723	0.723	0.578	0.571	
220	0.822	0.779	0.766	0.758	0.754	0.74	0.737	0.737	0.736	0.736	0.734	0.734	0.733	0.733	0.733	0.732	0.73	0.729	0.729	0.728	0.727	0.726	0.725	0.723	0.722	0.722	0.722	0.721	0.582	0.582	
221	0.802	0.799	0.755	0.753	0.748	0.748	0.741	0.736	0.735	0.735	0.734	0.734	0.733	0.733	0.731	0.73	0.73	0.729	0.728	0.728	0.728	0.727	0.726	0.726	0.726	0.726	0.723	0.711	0.575	0.573	
222	0.82	0.78	0.775	0.755	0.744	0.743	0.741	0.739	0.735	0.735	0.733	0.733	0.731	0.73	0.73	0.73	0.73	0.729	0.728	0.728	0.727	0.726	0.725	0.725	0.725	0.723	0.722	0.721	0.597	0.589	
223	0.845	0.843	0.802	0.798	0.78	0.776	0.751	0.75	0.742	0.737	0.734	0.733	0.733	0.732	0.732	0.732	0.73	0.73	0.728	0.728	0.726	0.725	0.723	0.721	0.712	0.707	0.701	0.699	0.599	0.576	
224	0.808	0.762	0.762	0.744	0.743	0.739	0.736	0.735	0.734	0.733	0.733	0.731	0.73	0.73	0.729	0.729	0.729	0.728	0.728	0.727	0.726	0.726	0.725	0.724	0.724	0.723	0.722	0.719	0.578	0.573	
225	0.813	0.794	0.761	0.759	0.755	0.753	0.736	0.735	0.735	0.734	0.733	0.733	0.733	0.73	0.73	0.729	0.728	0.728	0.728	0.728	0.727	0.726	0.725	0.724	0.722	0.721	0.719	0.716	0.587	0.585	
226	0.779	0.778	0.772	0.75	0.748	0.747	0.742	0.741	0.735	0.73	0.728	0.728	0.727	0.727	0.726	0.726	0.726	0.725	0.725	0.725	0.724	0.724	0.724	0.724	0.724	0.723	0.721	0.721	0.568	0.566	
227	0.831	0.794	0.753	0.744	0.744	0.743	0.741	0.739	0.739	0.736	0.733	0.732	0.731	0.729	0.728	0.728	0.725	0.724	0.724	0.724	0.722	0.722	0.722	0.722	0.722	0.721	0.721	0.719	0.583	0.579	
228	0.825	0.768	0.757	0.751	0.743	0.738	0.738	0.735	0.732	0.732	0.73	0.729	0.728	0.728	0.728	0.727	0.727	0.727	0.726	0.726	0.725	0.725	0.725	0.724	0.724	0.724	0.723	0.72	0.573	0.572	
229	0.799	0.762	0.752	0.748	0.745	0.742	0.739	0.737	0.734	0.734	0.734	0.733	0.732	0.732	0.731	0.731	0.731	0.731	0.729	0.728	0.728	0.727	0.727	0.727	0.726	0.725	0.723	0.719	0.576	0.574	
230	0.827	0.766	0.763	0.747	0.743	0.741	0.738	0.736	0.732	0.732	0.731	0.73	0.73	0.73	0.73	0.729	0.729	0.729	0.729	0.728	0.728	0.727	0.727	0.726	0.726	0.726	0.724	0.724	0.567	0.566	
231	0.776	0.764	0.759	0.755	0.74	0.738	0.737	0.734	0.733	0.733	0.732	0.732	0.731	0.731	0.731	0.73	0.729	0.728	0.727	0.727	0.726	0.725	0.725	0.725	0.725	0.725	0.724	0.724	0.569	0.567	
232	0.817	0.808	0.776	0.771	0.743	0.739	0.739	0.736	0.735	0.734	0.731	0.731	0.731	0.731	0.731	0.729	0.729	0.729	0.728	0.728	0.728	0.728	0.728	0.727	0.726	0.726	0.725	0.718	0.568	0.566	
233	0.805	0.796	0.788	0.773	0.74	0.738	0.736	0.733	0.733	0.733	0.733	0.733	0.732	0.732	0.731	0.731	0.731	0.73	0.729	0.728	0.728	0.727	0.726	0.726	0.725	0.724	0.724	0.72	0.574	0.566	
234	0.795	0.773	0.771	0.753	0.752	0.746	0.739	0.739	0.733	0.732	0.731	0.731	0.73	0.73	0.729	0.729	0.729	0.729	0.728	0.728	0.727	0.727	0.727	0.726	0.726	0.725	0.722	0.719	0.57	0.563	
235	0.842	0.772	0.767	0.759	0.753	0.747	0.745	0.738	0.735	0.734	0.734	0.733	0.731	0.731	0.73	0.73	0.729	0.728	0.728	0.728	0.728	0.727	0.727	0.727	0.726	0.725	0.724	0.724	0.582	0.581	
236	0.854	0.806	0.757	0.749	0.747	0.745	0.744	0.743	0.74	0.734	0.733	0.733	0.732	0.731	0.731	0.73	0.73	0.729	0.729	0.729	0.729	0.728	0.728	0.727	0.727	0.725	0.725	0.724	0.585	0.578	
237	0.847	0.79	0.771	0.762	0.76	0.752	0.743	0.737	0.734	0.734	0.733	0.733	0.733	0.732	0.731	0.731	0.73	0.729	0.729	0.728	0.728	0.727	0.725	0.724	0.724	0.723	0.72	0.714	0.581	0.575	
238	0.819	0.811	0.763	0.752	0.748	0.743	0.74	0.733	0.732	0.732	0.731	0.731	0.73	0.73	0.729	0.729	0.729	0.729	0.729	0.728	0.726	0.725	0.725	0.725	0.725	0.724	0.723	0.722	0.578	0.565	
239	0.787	0.763	0.747	0.747	0.745	0.74	0.74	0.74	0.735	0.733	0.731	0.73	0.729	0.728	0.728	0.728	0.726	0.726	0.726	0.726	0.725	0.725	0.725	0.725	0.723	0.723	0.723	0.722	0.575	0.574	
240	0.818	0.762	0.759	0.756	0.734	0.733	0.732	0.731	0.731	0.731	0.73	0.73	0.73	0.73	0.729	0.729	0.729	0.729	0.728	0.727	0.726	0.726	0.725	0.723	0.72	0.719	0.719	0.718	0.579	0.574	
241	0.847	0.801	0.768	0.767	0.749	0.742	0.737	0.736	0.734	0.733	0.733	0.732	0.73	0.73	0.729	0.729	0.729	0.728	0.728	0.727	0.727	0.727	0.726	0.725	0.724	0.723	0.72	0.717	0.575	0.564	
242	0.83	0.778	0.775	0.773	0.765	0.765	0.741	0.733	0.732	0.732	0.73	0.73	0.73	0.729	0.729	0.728	0.728	0.727	0.727	0.727	0.727	0.725	0.725	0.725	0.724	0.72	0.717	0.708	0.574	0.574	
243	0.849	0.777	0.777	0.755	0.739	0.739	0.737	0.735	0.734	0.734	0.733	0.733	0.732	0.731	0.731	0.73	0.73	0.729	0.729	0.729	0.729	0.729	0.727	0.727	0.726	0.725	0.724	0.722	0.57	0.568	
244	0.788	0.769	0.768	0.764	0.743	0.74	0.739	0.738	0.736	0.734	0.732	0.731	0.731	0.731	0.731	0.73	0.727	0.726	0.726	0.726	0.726	0.726	0.725	0.724	0.724	0.723	0.723	0.722	0.571	0.57	
245	0.815	0.776	0.765	0.753	0.734	0.732	0.732	0.731	0.731	0.731	0.73	0.73	0.73	0.73	0.729	0.729	0.729	0.729	0.727	0.727	0.727	0.727	0.726	0.726	0.725	0.725	0.724	0.723	0.579	0.575	
246	0.85	0.835	0.78	0.777	0.768	0.744	0.738	0.735	0.734	0.733	0.732	0.73	0.73	0.729	0.729	0.729	0.728	0.728	0.728	0.727	0.726	0.726	0.725	0.724	0.724	0.721	0.721	0.721	0.588	0.587	
247	0.826	0.797	0.788	0.783	0.743	0.732	0.731	0.731	0.73	0.73	0.729	0.729	0.729	0.729	0.728	0.728	0.728	0.727	0.727	0.727	0.726	0.726	0.726	0.725	0.724	0.722	0.721	0.718	0.575	0.569	
248	0.881	0.878	0.829	0.778	0.76	0.753	0.736	0.734	0.733	0.733	0.732	0.73	0.73	0.73	0.728	0.728	0.727	0.727	0.727	0.727	0.726	0.725	0.724	0.723	0.723	0.721	0.718	0.714	0.602	0.58	
249	0.792	0.77	0.761	0.749	0.744	0.743	0.742	0.742	0.741	0.736	0.734	0.733	0.731	0.731	0.729	0.729	0.729	0.728	0.728	0.728	0.726	0.726	0.724	0.724	0.724	0.723	0.723	0.718	0.572	0.57	
250	0.804	0.77	0.754	0.745	0.744	0.74	0.738	0.736	0.731	0.731	0.731	0.73	0.729	0.726	0.726	0.726	0.726	0.725	0.725	0.724	0.724	0.724	0.723	0.723	0.723	0.722	0.719	0.716	0.588	0.587	
251	0.828	0.765	0.748	0.747	0.735	0.732	0.731	0.731	0.731	0.731	0.73	0.73	0.729	0.729	0.729	0.728	0.728	0.728	0.728	0.727	0.726	0.726	0.726	0.725	0.725	0.725	0.723	0.717	0.573	0.572	
252	0.837	0.781	0.771	0.764	0.744	0.737	0.732	0.732	0.732	0.732	0.731	0.73	0.729	0.729	0.728	0.727	0.727	0.727	0.726	0.726	0.726	0.726	0.725	0.724	0.724	0.723	0.723	0.722	0.576	0.573	
253	0.852	0.778	0.763	0.752	0.749	0.74	0.739	0.739	0.734	0.733	0.732	0.732	0.732	0.731	0.731	0.731	0.73	0.729	0.729	0.727	0.727	0.726	0.726	0.726	0.726	0.725	0.725	0.724	0.574	0.574	
254	0.847	0.802	0.783	0.782	0.773	0.772	0.767	0.763	0.757	0.751	0.743	0.741	0.738	0.734	0.732	0.732	0.731	0.73	0.729	0.728	0.726	0.726	0.726	0.725	0.723	0.723	0.722	0.722	0.578	0.577	
255	0.808	0.759	0.751	0.75	0.74	0.739	0.737	0.737	0.737	0.734	0.734	0.733	0.731	0.731	0.73	0.729	0.729	0.728	0.728	0.727	0.727	0.727	0.727	0.726	0.726	0.726	0.725	0.724	0.592	0.587	
256	0.826	0.821	0.814	0.782	0.78	0.766	0.752	0.751	0.745	0.733	0.732	0.732	0.731	0.729	0.729	0.728	0.728	0.728	0.727	0.727	0.727	0.726	0.724	0.719	0.717	0.716	0.702	0.7	0.58	0.576	
257	0.78	0.777	0.768	0.758	0.736	0.736	0.734	0.732	0.732	0.73	0.73	0.729	0.729	0.728	0.728	0.728	0.728	0.727	0.727	0.727	0.727	0.726	0.726	0.725	0.723	0.723	0.723	0.722	0.565	0.564	
258	0.852	0.82	0.777	0.748	0.741	0.739	0.738	0.738	0.736	0.736	0.735	0.734	0.734	0.733	0.732	0.731	0.731	0.73	0.73	0.729	0.727	0.727	0.727	0.727	0.726	0.725	0.725	0.724	0.581	0.571	
259	0.826	0.768	0.758	0.756	0.743	0.734	0.734	0.734	0.733	0.732	0.731	0.731	0.729	0.729	0.728	0.728	0.727	0.727	0.727	0.727	0.726	0.725	0.725	0.723	0.721	0.721	0.72	0.713	0.58	0.58	
260	0.779	0.771	0.758	0.755	0.748	0.747	0.746	0.743	0.737	0.733	0.733	0.732	0.731	0.731	0.731	0.731	0.73	0.729	0.729	0.728	0.728	0.727	0.726	0.726	0.725	0.725	0.725	0.724	0.583	0.578	
261	0.812	0.804	0.77	0.761	0.744	0.74	0.735	0.733	0.732	0.731	0.731	0.731	0.73	0.729	0.729	0.728	0.728	0.728	0.728	0.728	0.727	0.727	0.727	0.726	0.726	0.725	0.722	0.719	0.578	0.577	
262	0.828	0.777	0.754	0.75	0.733	0.732	0.732	0.73	0.73	0.73	0.729	0.729	0.728	0.728	0.728	0.727	0.727	0.727	0.727	0.727	0.726	0.726	0.724	0.723	0.723	0.723	0.722	0.722	0.569	0.568	
263	0.82	0.79	0.78	0.772	0.753	0.747	0.746	0.74	0.74	0.737	0.736	0.735	0.733	0.732	0.731	0.731	0.73	0.73	0.727	0.727	0.727	0.726	0.726	0.725	0.724	0.721	0.721	0.719	0.576	0.572	
264	0.804	0.77	0.758	0.753	0.752	0.751	0.747	0.739	0.735	0.734	0.734	0.734	0.733	0.733	0.733	0.732	0.732	0.731	0.73	0.729	0.728	0.728	0.728	0.727	0.725	0.725	0.723	0.719	0.577	0.576	
265	0.83	0.788	0.776	0.773	0.771	0.761	0.757	0.748	0.734	0.733	0.733	0.733	0.733	0.733	0.732	0.732	0.731	0.73	0.729	0.728	0.728	0.727	0.727	0.726	0.726	0.726	0.724	0.722	0.59	0.583	
266	0.837	0.779	0.754	0.749	0.738	0.738	0.733	0.732	0.732	0.732	0.732	0.73	0.729	0.728	0.728	0.727	0.726	0.726	0.726	0.725	0.725	0.725	0.725	0.724	0.724	0.724	0.723	0.718	0.577	0.576	
267	0.833	0.829	0.766	0.762	0.735	0.734	0.734	0.731	0.731	0.731	0.731	0.73	0.73	0.73	0.729	0.729	0.729	0.729	0.728	0.727	0.725	0.725	0.725	0.724	0.724	0.723	0.72	0.72	0.573	0.566	
268	0.774	0.765	0.764	0.753	0.746	0.742	0.737	0.737	0.731	0.731	0.73	0.73	0.73	0.727	0.727	0.727	0.726	0.726	0.724	0.724	0.724	0.723	0.723	0.723	0.722	0.721	0.721	0.72	0.57	0.57	
269	0.864	0.77	0.761	0.759	0.758	0.75	0.745	0.745	0.743	0.739	0.739	0.739	0.735	0.734	0.733	0.732	0.73	0.73	0.728	0.727	0.727	0.727	0.725	0.725	0.724	0.723	0.722	0.721	0.583	0.577	
270	0.829	0.782	0.767	0.753	0.75	0.749	0.739	0.735	0.734	0.732	0.731	0.731	0.731	0.73	0.73	0.73	0.729	0.728	0.727	0.727	0.727	0.725	0.725	0.724	0.724	0.723	0.72	0.716	0.588	0.583	
271	0.761	0.759	0.756	0.747	0.744	0.734	0.732	0.731	0.731	0.731	0.73	0.729	0.729	0.728	0.728	0.728	0.727	0.727	0.726	0.725	0.725	0.724	0.724	0.723	0.723	0.723	0.721	0.72	0.57	0.562	
272	0.845	0.791	0.784	0.778	0.777	0.741	0.735	0.734	0.731	0.731	0.731	0.729	0.729	0.728	0.727	0.727	0.727	0.726	0.726	0.725	0.725	0.724	0.723	0.723	0.721	0.719	0.715	0.713	0.574	0.572	
273	0.808	0.758	0.757	0.75	0.744	0.743	0.742	0.742	0.735	0.734	0.733	0.731	0.73	0.73	0.73	0.73	0.728	0.728	0.728	0.726	0.725	0.724	0.724	0.723	0.722	0.721	0.719	0.719	0.576	0.574	
274	0.852	0.809	0.793	0.78	0.773	0.77	0.768	0.744	0.74	0.74	0.74	0.738	0.735	0.734	0.733	0.733	0.732	0.731	0.73	0.73	0.73	0.729	0.726	0.726	0.726	0.725	0.725	0.725	0.575	0.569	
275	0.837	0.828	0.752	0.75	0.735	0.732	0.732	0.731	0.731	0.731	0.73	0.73	0.73	0.729	0.729	0.728	0.728	0.728	0.727	0.726	0.725	0.725	0.724	0.724	0.723	0.721	0.72	0.72	0.597	0.592	
276	0.834	0.81	0.762	0.745	0.735	0.734	0.732	0.732	0.732	0.731	0.731	0.73	0.73	0.73	0.729	0.729	0.729	0.729	0.728	0.728	0.728	0.728	0.727	0.726	0.725	0.725	0.724	0.723	0.577	0.572	
277	0.856	0.835	0.756	0.755	0.748	0.743	0.737	0.733	0.733	0.733	0.732	0.732	0.731	0.731	0.729	0.729	0.729	0.728	0.728	0.727	0.727	0.727	0.727	0.726	0.726	0.725	0.725	0.717	0.612	0.571	
278	0.815	0.761	0.755	0.747	0.745	0.744	0.744	0.743	0.742	0.741	0.741	0.736	0.736	0.734	0.733	0.732	0.73	0.73	0.729	0.728	0.727	0.726	0.725	0.725	0.724	0.724	0.722	0.719	0.573	0.568	
279	0.813	0.783	0.773	0.748	0.747	0.745	0.738	0.738	0.736	0.733	0.732	0.731	0.73	0.73	0.729	0.729	0.729	0.729	0.728	0.727	0.727	0.726	0.726	0.726	0.725	0.724	0.722	0.722	0.575	0.573	
280	0.782	0.769	0.753	0.747	0.745	0.738	0.735	0.733	0.733	0.733	0.732	0.731	0.73	0.73	0.729	0.729	0.729	0.727	0.727	0.727	0.727	0.727	0.727	0.726	0.725	0.725	0.723	0.72	0.585	0.585	
281	0.834	0.825	0.762	0.748	0.743	0.736	0.734	0.733	0.733	0.733	0.733	0.732	0.731	0.731	0.73	0.73	0.73	0.73	0.729	0.728	0.727	0.727	0.726	0.726	0.726	0.725	0.723	0.72	0.58	0.573	
282	0.845	0.832	0.76	0.759	0.736	0.734	0.733	0.731	0.73	0.729	0.727	0.727	0.726	0.726	0.726	0.726	0.726	0.726	0.726	0.726	0.725	0.725	0.724	0.723	0.722	0.722	0.722	0.72	0.585	0.584	
283	0.786	0.771	0.765	0.762	0.744	0.742	0.741	0.739	0.739	0.738	0.736	0.735	0.732	0.731	0.731	0.73	0.729	0.729	0.728	0.728	0.728	0.728	0.727	0.726	0.726	0.725	0.724	0.72	0.57	0.567	
284	0.825	0.768	0.766	0.746	0.744	0.739	0.739	0.736	0.735	0.734	0.734	0.731	0.731	0.73	0.729	0.728	0.728	0.727	0.726	0.726	0.725	0.725	0.724	0.724	0.723	0.723	0.722	0.721	0.57	0.564	
285	0.819	0.773	0.744	0.743	0.741	0.735	0.734	0.732	0.732	0.732	0.73	0.73	0.73	0.729	0.729	0.729	0.729	0.729	0.728	0.728	0.727	0.727	0.725	0.725	0.725	0.725	0.722	0.721	0.571	0.569	
286	0.81	0.761	0.761	0.748	0.744	0.735	0.733	0.732	0.732	0.731	0.731	0.731	0.73	0.73	0.729	0.729	0.729	0.728	0.728	0.728	0.727	0.726	0.726	0.726	0.725	0.725	0.723	0.718	0.573	0.573	
287	0.827	0.777	0.773	0.76	0.734	0.734	0.732	0.732	0.731	0.731	0.731	0.73	0.729	0.728	0.728	0.728	0.728	0.728	0.727	0.727	0.727	0.727	0.726	0.725	0.725	0.724	0.723	0.723	0.577	0.575	
288	0.834	0.821	0.819	0.814	0.8	0.785	0.767	0.762	0.747	0.745	0.739	0.737	0.737	0.736	0.735	0.732	0.731	0.73	0.729	0.728	0.728	0.728	0.727	0.727	0.725	0.725	0.72	0.72	0.596	0.577	
289	0.777	0.77	0.768	0.758	0.748	0.743	0.735	0.735	0.733	0.732	0.732	0.731	0.731	0.729	0.729	0.729	0.728	0.728	0.727	0.725	0.725	0.725	0.725	0.724	0.723	0.722	0.721	0.719	0.57	0.567	
290	0.881	0.801	0.768	0.742	0.739	0.734	0.732	0.731	0.731	0.73	0.73	0.73	0.73	0.729	0.729	0.729	0.728	0.728	0.728	0.728	0.727	0.725	0.724	0.723	0.723	0.723	0.721	0.719	0.588	0.574	
291	0.828	0.791	0.77	0.76	0.742	0.739	0.736	0.735	0.735	0.732	0.731	0.731	0.73	0.729	0.729	0.729	0.726	0.726	0.726	0.725	0.725	0.724	0.724	0.723	0.722	0.722	0.722	0.713	0.576	0.573	
292	0.83	0.82	0.793	0.761	0.744	0.744	0.732	0.731	0.731	0.731	0.73	0.73	0.73	0.73	0.729	0.728	0.728	0.727	0.727	0.726	0.726	0.726	0.726	0.725	0.725	0.723	0.723	0.721	0.576	0.569	
293	0.822	0.807	0.759	0.749	0.745	0.744	0.742	0.734	0.734	0.731	0.731	0.731	0.731	0.731	0.73	0.729	0.729	0.728	0.728	0.728	0.727	0.727	0.726	0.726	0.724	0.723	0.722	0.717	0.64	0.626	
294	0.844	0.83	0.789	0.778	0.771	0.763	0.754	0.746	0.745	0.742	0.736	0.734	0.732	0.731	0.731	0.73	0.73	0.729	0.728	0.728	0.727	0.727	0.726	0.725	0.716	0.716	0.715	0.711	0.573	0.57	
295	0.835	0.756	0.752	0.742	0.738	0.734	0.734	0.733	0.732	0.731	0.731	0.73	0.73	0.729	0.729	0.729	0.729	0.728	0.728	0.727	0.727	0.726	0.726	0.726	0.725	0.725	0.725	0.723	0.586	0.582	
296	0.778	0.764	0.763	0.745	0.737	0.735	0.734	0.734	0.734	0.732	0.732	0.731	0.731	0.731	0.73	0.73	0.729	0.728	0.728	0.728	0.726	0.725	0.725	0.724	0.723	0.722	0.721	0.72	0.571	0.569	
297	0.803	0.787	0.785	0.777	0.758	0.749	0.738	0.736	0.735	0.733	0.731	0.731	0.731	0.73	0.73	0.73	0.73	0.73	0.728	0.728	0.727	0.727	0.727	0.726	0.725	0.725	0.724	0.721	0.572	0.567	
298	0.83	0.77	0.762	0.761	0.759	0.748	0.746	0.743	0.742	0.74	0.735	0.735	0.735	0.734	0.733	0.732	0.732	0.731	0.731	0.73	0.729	0.728	0.728	0.726	0.726	0.722	0.721	0.718	0.586	0.58	
299	0.836	0.812	0.749	0.744	0.739	0.739	0.739	0.738	0.736	0.733	0.733	0.732	0.732	0.731	0.731	0.73	0.73	0.729	0.728	0.728	0.727	0.727	0.727	0.726	0.725	0.724	0.723	0.717	0.579	0.577	
300	0.823	0.821	0.759	0.748	0.74	0.733	0.733	0.731	0.73	0.73	0.73	0.73	0.73	0.73	0.729	0.729	0.728	0.728	0.727	0.727	0.727	0.727	0.724	0.724	0.724	0.723	0.721	0.72	0.58	0.575	
301	0.945	0.922	0.919	0.916	0.871	0.869	0.86	0.774	0.763	0.759	0.733	0.732	0.731	0.731	0.73	0.729	0.729	0.729	0.728	0.728	0.728	0.728	0.727	0.726	0.726	0.725	0.72	0.715	0.664	0.635	
302	0.819	0.818	0.813	0.8	0.798	0.785	0.785	0.776	0.773	0.773	0.769	0.766	0.753	0.741	0.734	0.732	0.731	0.73	0.73	0.73	0.73	0.73	0.729	0.729	0.727	0.725	0.723	0.721	0.585	0.564	
303	0.918	0.853	0.786	0.757	0.744	0.743	0.736	0.734	0.734	0.733	0.732	0.732	0.732	0.732	0.731	0.731	0.731	0.729	0.728	0.728	0.728	0.727	0.726	0.725	0.725	0.724	0.723	0.723	0.598	0.59	
304	1.213	1.21	1.184	1.173	1.094	1.011	0.952	0.944	0.941	0.896	0.881	0.875	0.82	0.819	0.79	0.784	0.784	0.775	0.772	0.767	0.762	0.758	0.754	0.75	0.737	0.735	0.732	0.73	0.729	0.65	
305	0.998	0.979	0.816	0.77	0.756	0.751	0.748	0.741	0.74	0.74	0.736	0.733	0.733	0.732	0.732	0.732	0.732	0.731	0.731	0.73	0.73	0.73	0.728	0.728	0.727	0.725	0.725	0.724	0.624	0.612	
306	0.795	0.788	0.776	0.762	0.752	0.742	0.739	0.738	0.734	0.733	0.732	0.732	0.732	0.731	0.731	0.731	0.73	0.729	0.727	0.727	0.726	0.726	0.726	0.725	0.725	0.724	0.724	0.722	0.583	0.577	
307	0.837	0.775	0.759	0.755	0.738	0.733	0.732	0.732	0.732	0.731	0.731	0.73	0.729	0.729	0.729	0.728	0.728	0.728	0.728	0.728	0.727	0.727	0.726	0.726	0.726	0.726	0.725	0.721	0.58	0.576	
308	0.822	0.77	0.769	0.754	0.738	0.735	0.735	0.732	0.731	0.731	0.73	0.729	0.729	0.729	0.729	0.728	0.728	0.727	0.726	0.726	0.726	0.725	0.724	0.724	0.724	0.724	0.724	0.722	0.576	0.57	
309	0.831	0.788	0.784	0.778	0.755	0.742	0.737	0.736	0.734	0.734	0.732	0.732	0.73	0.73	0.729	0.729	0.728	0.727	0.727	0.726	0.726	0.726	0.726	0.726	0.725	0.724	0.722	0.721	0.57	0.55	
310	0.824	0.754	0.751	0.747	0.745	0.743	0.737	0.737	0.737	0.734	0.731	0.731	0.73	0.73	0.73	0.729	0.729	0.729	0.727	0.725	0.724	0.722	0.722	0.721	0.721	0.72	0.714	0.71	0.577	0.573	
311	1.076	1.04	1.029	1.019	0.947	0.887	0.833	0.774	0.774	0.768	0.765	0.761	0.759	0.759	0.759	0.757	0.751	0.75	0.749	0.748	0.744	0.737	0.735	0.734	0.73	0.729	0.726	0.672	0.664	0.651	
312	0.817	0.804	0.76	0.751	0.736	0.733	0.733	0.732	0.731	0.731	0.73	0.728	0.728	0.727	0.727	0.727	0.726	0.726	0.726	0.725	0.723	0.723	0.723	0.723	0.721	0.72	0.72	0.715	0.574	0.571	
313	0.86	0.837	0.777	0.766	0.761	0.755	0.736	0.736	0.734	0.733	0.731	0.731	0.731	0.73	0.729	0.729	0.729	0.728	0.727	0.726	0.726	0.725	0.725	0.724	0.723	0.722	0.714	0.712	0.591	0.586	
314	0.82	0.797	0.792	0.771	0.77	0.745	0.741	0.738	0.738	0.737	0.737	0.734	0.732	0.731	0.731	0.731	0.731	0.73	0.729	0.729	0.728	0.728	0.726	0.723	0.723	0.718	0.713	0.708	0.581	0.562	
315	0.858	0.777	0.775	0.764	0.743	0.738	0.738	0.736	0.735	0.734	0.733	0.733	0.733	0.732	0.731	0.731	0.731	0.729	0.729	0.729	0.729	0.728	0.726	0.726	0.725	0.723	0.721	0.721	0.576	0.576	
316	0.848	0.841	0.839	0.798	0.774	0.739	0.734	0.731	0.73	0.73	0.729	0.729	0.729	0.729	0.729	0.728	0.728	0.728	0.727	0.727	0.727	0.726	0.724	0.723	0.723	0.722	0.718	0.717	0.591	0.582	
317	0.821	0.777	0.764	0.746	0.733	0.732	0.732	0.731	0.73	0.73	0.73	0.729	0.729	0.729	0.728	0.728	0.728	0.728	0.727	0.726	0.726	0.726	0.725	0.725	0.724	0.723	0.723	0.721	0.578	0.569	
318	0.816	0.765	0.759	0.754	0.74	0.734	0.733	0.732	0.73	0.73	0.73	0.73	0.729	0.729	0.729	0.728	0.728	0.728	0.726	0.725	0.725	0.724	0.724	0.723	0.722	0.722	0.721	0.718	0.579	0.576	
319	0.835	0.82	0.771	0.757	0.756	0.736	0.735	0.734	0.734	0.734	0.733	0.732	0.731	0.73	0.73	0.73	0.729	0.728	0.728	0.727	0.726	0.726	0.726	0.725	0.724	0.724	0.721	0.719	0.575	0.571	
320	0.811	0.758	0.749	0.747	0.74	0.74	0.739	0.738	0.737	0.735	0.734	0.734	0.734	0.732	0.729	0.729	0.729	0.728	0.727	0.727	0.727	0.726	0.726	0.725	0.725	0.723	0.723	0.719	0.578	0.575	
321	0.83	0.764	0.756	0.752	0.733	0.732	0.732	0.731	0.731	0.73	0.73	0.729	0.729	0.728	0.728	0.727	0.727	0.727	0.726	0.726	0.726	0.725	0.725	0.724	0.723	0.722	0.722	0.72	0.585	0.581	
322	0.821	0.758	0.755	0.734	0.733	0.731	0.731	0.731	0.731	0.731	0.729	0.729	0.729	0.728	0.728	0.727	0.727	0.727	0.726	0.725	0.725	0.725	0.724	0.724	0.724	0.724	0.722	0.721	0.58	0.573	
323	0.831	0.828	0.747	0.742	0.742	0.741	0.733	0.732	0.732	0.731	0.73	0.73	0.73	0.73	0.729	0.729	0.729	0.729	0.728	0.728	0.726	0.726	0.726	0.725	0.724	0.722	0.722	0.721	0.583	0.579	
324	0.838	0.819	0.795	0.768	0.739	0.736	0.736	0.733	0.733	0.732	0.732	0.731	0.731	0.73	0.73	0.729	0.729	0.729	0.728	0.728	0.728	0.726	0.725	0.724	0.724	0.723	0.723	0.72	0.586	0.582	
325	0.818	0.769	0.754	0.751	0.722	0.721	0.721	0.72	0.718	0.718	0.717	0.717	0.716	0.715	0.715	0.713	0.712	0.711	0.711	0.711	0.709	0.709	0.709	0.708	0.706	0.706	0.705	0.704	0.562	0.561	
326	0.804	0.762	0.757	0.73	0.716	0.714	0.713	0.712	0.712	0.712	0.711	0.711	0.71	0.71	0.71	0.71	0.709	0.709	0.709	0.708	0.708	0.708	0.707	0.706	0.706	0.705	0.701	0.7	0.566	0.566	
327	0.83	0.767	0.759	0.746	0.728	0.717	0.717	0.716	0.715	0.713	0.712	0.712	0.712	0.712	0.712	0.711	0.711	0.71	0.71	0.71	0.709	0.709	0.708	0.708	0.707	0.706	0.704	0.703	0.565	0.561	
328	0.841	0.784	0.772	0.765	0.764	0.762	0.715	0.714	0.714	0.713	0.712	0.711	0.71	0.71	0.708	0.708	0.708	0.707	0.706	0.705	0.705	0.705	0.705	0.704	0.703	0.701	0.7	0.693	0.575	0.556	
329	0.81	0.754	0.744	0.736	0.734	0.731	0.727	0.726	0.725	0.723	0.721	0.715	0.714	0.714	0.714	0.714	0.713	0.711	0.71	0.71	0.708	0.706	0.706	0.706	0.705	0.705	0.704	0.703	0.561	0.56	
330	0.814	0.752	0.741	0.741	0.723	0.72	0.718	0.718	0.717	0.716	0.715	0.714	0.714	0.714	0.712	0.711	0.711	0.711	0.711	0.71	0.71	0.709	0.709	0.709	0.708	0.706	0.705	0.698	0.558	0.557	
331	0.814	0.743	0.735	0.733	0.724	0.717	0.716	0.715	0.715	0.712	0.712	0.711	0.711	0.709	0.709	0.709	0.709	0.709	0.708	0.707	0.706	0.705	0.705	0.705	0.705	0.705	0.704	0.703	0.567	0.565	
332	0.756	0.749	0.74	0.739	0.726	0.726	0.723	0.722	0.718	0.713	0.712	0.711	0.711	0.71	0.71	0.71	0.709	0.709	0.709	0.708	0.708	0.707	0.706	0.705	0.704	0.704	0.704	0.703	0.56	0.56	
333	0.829	0.779	0.752	0.749	0.742	0.741	0.74	0.729	0.722	0.721	0.717	0.712	0.712	0.712	0.711	0.711	0.711	0.711	0.711	0.711	0.71	0.709	0.709	0.708	0.707	0.707	0.706	0.7	0.556	0.555	
334	0.812	0.755	0.752	0.751	0.731	0.731	0.727	0.725	0.723	0.719	0.718	0.717	0.715	0.714	0.714	0.713	0.713	0.712	0.712	0.711	0.711	0.711	0.71	0.71	0.71	0.709	0.707	0.703	0.564	0.562	
335	0.806	0.756	0.748	0.737	0.715	0.713	0.713	0.712	0.711	0.711	0.711	0.71	0.71	0.71	0.71	0.709	0.709	0.708	0.707	0.706	0.705	0.703	0.702	0.702	0.702	0.699	0.699	0.698	0.575	0.571	
336	0.84	0.817	0.764	0.755	0.717	0.716	0.715	0.715	0.714	0.714	0.714	0.713	0.713	0.712	0.712	0.712	0.712	0.711	0.711	0.71	0.71	0.709	0.707	0.707	0.706	0.705	0.705	0.703	0.565	0.564	
337	0.807	0.769	0.755	0.731	0.715	0.713	0.713	0.713	0.712	0.712	0.712	0.712	0.711	0.711	0.709	0.709	0.709	0.708	0.708	0.708	0.708	0.708	0.707	0.707	0.707	0.706	0.701	0.701	0.566	0.561	
338	0.752	0.749	0.748	0.745	0.734	0.73	0.728	0.724	0.713	0.712	0.712	0.711	0.711	0.71	0.71	0.71	0.709	0.708	0.707	0.707	0.706	0.705	0.705	0.705	0.704	0.704	0.702	0.701	0.561	0.553	
339	0.787	0.781	0.776	0.774	0.759	0.753	0.753	0.713	0.712	0.712	0.712	0.712	0.712	0.712	0.711	0.711	0.709	0.708	0.708	0.707	0.706	0.705	0.705	0.705	0.705	0.705	0.704	0.704	0.574	0.558	
340	0.765	0.759	0.753	0.744	0.713	0.713	0.712	0.712	0.712	0.712	0.711	0.711	0.71	0.71	0.71	0.71	0.709	0.709	0.709	0.708	0.708	0.706	0.706	0.706	0.706	0.706	0.706	0.703	0.556	0.555	
341	0.815	0.814	0.742	0.739	0.724	0.717	0.714	0.714	0.713	0.712	0.712	0.712	0.712	0.712	0.712	0.711	0.71	0.71	0.709	0.709	0.709	0.709	0.708	0.707	0.705	0.705	0.704	0.7	0.569	0.566	
342	0.813	0.802	0.783	0.73	0.726	0.726	0.718	0.718	0.716	0.716	0.715	0.714	0.714	0.714	0.713	0.712	0.711	0.71	0.709	0.709	0.709	0.708	0.707	0.706	0.705	0.705	0.705	0.701	0.572	0.558	
343	0.816	0.744	0.74	0.733	0.723	0.723	0.722	0.721	0.715	0.713	0.713	0.713	0.711	0.711	0.71	0.71	0.71	0.71	0.71	0.708	0.708	0.708	0.707	0.706	0.704	0.704	0.703	0.7	0.555	0.555	
344	0.809	0.77	0.748	0.736	0.727	0.719	0.718	0.718	0.715	0.714	0.713	0.713	0.713	0.712	0.712	0.711	0.71	0.709	0.708	0.707	0.706	0.706	0.705	0.705	0.705	0.705	0.704	0.703	0.563	0.561	
345	0.818	0.818	0.747	0.732	0.726	0.719	0.716	0.715	0.713	0.713	0.711	0.711	0.71	0.71	0.709	0.709	0.709	0.708	0.707	0.707	0.707	0.707	0.706	0.706	0.706	0.706	0.702	0.7	0.622	0.564	
346	0.846	0.787	0.786	0.786	0.785	0.785	0.784	0.784	0.784	0.783	0.783	0.782	0.781	0.781	0.781	0.781	0.78	0.779	0.779	0.779	0.775	0.765	0.757	0.714	0.71	0.71	0.708	0.706	0.636	0.613	
347	0.823	0.819	0.806	0.798	0.794	0.793	0.79	0.786	0.784	0.783	0.783	0.783	0.782	0.782	0.782	0.782	0.781	0.78	0.78	0.78	0.779	0.778	0.776	0.727	0.706	0.705	0.704	0.702	0.597	0.566	
348	0.832	0.811	0.783	0.757	0.737	0.725	0.725	0.722	0.721	0.72	0.72	0.717	0.715	0.714	0.713	0.713	0.713	0.712	0.711	0.71	0.71	0.71	0.71	0.709	0.705	0.705	0.702	0.697	0.576	0.557	
349	0.803	0.786	0.769	0.762	0.751	0.738	0.738	0.732	0.722	0.717	0.716	0.715	0.714	0.714	0.713	0.713	0.712	0.711	0.711	0.711	0.71	0.71	0.71	0.71	0.709	0.709	0.708	0.705	0.567	0.562	
350	0.826	0.826	0.75	0.741	0.72	0.718	0.716	0.715	0.715	0.715	0.715	0.713	0.713	0.713	0.712	0.711	0.711	0.711	0.709	0.709	0.709	0.707	0.707	0.707	0.707	0.706	0.703	0.701	0.565	0.562	
351	0.833	0.77	0.762	0.751	0.728	0.727	0.719	0.716	0.716	0.716	0.715	0.715	0.715	0.714	0.714	0.713	0.713	0.712	0.711	0.711	0.71	0.71	0.709	0.708	0.706	0.706	0.706	0.704	0.567	0.566	
352	0.811	0.81	0.762	0.761	0.745	0.735	0.732	0.724	0.72	0.718	0.716	0.716	0.715	0.714	0.714	0.713	0.711	0.711	0.71	0.71	0.709	0.707	0.706	0.706	0.705	0.699	0.699	0.693	0.583	0.567	
353	0.795	0.774	0.75	0.749	0.734	0.73	0.724	0.723	0.722	0.719	0.717	0.714	0.713	0.712	0.711	0.711	0.71	0.709	0.709	0.708	0.708	0.708	0.707	0.706	0.706	0.705	0.705	0.701	0.563	0.556	
354	0.84	0.816	0.814	0.805	0.757	0.733	0.714	0.714	0.713	0.713	0.711	0.711	0.711	0.71	0.709	0.709	0.708	0.708	0.707	0.707	0.706	0.704	0.702	0.702	0.701	0.699	0.699	0.699	0.615	0.611	
355	0.807	0.753	0.752	0.742	0.717	0.716	0.714	0.714	0.713	0.713	0.713	0.712	0.712	0.711	0.711	0.709	0.708	0.707	0.707	0.706	0.705	0.705	0.704	0.704	0.703	0.702	0.7	0.699	0.565	0.563	
356	0.796	0.765	0.761	0.748	0.718	0.714	0.712	0.711	0.711	0.711	0.71	0.71	0.709	0.709	0.708	0.708	0.708	0.708	0.708	0.708	0.707	0.706	0.706	0.705	0.705	0.702	0.702	0.701	0.56	0.558	
357	0.8	0.745	0.744	0.74	0.73	0.725	0.725	0.725	0.718	0.714	0.713	0.713	0.713	0.712	0.711	0.711	0.71	0.71	0.71	0.708	0.707	0.705	0.704	0.704	0.703	0.703	0.702	0.7	0.56	0.558	
358	0.823	0.764	0.763	0.76	0.723	0.722	0.721	0.721	0.72	0.72	0.717	0.715	0.714	0.713	0.713	0.713	0.713	0.711	0.711	0.71	0.71	0.709	0.709	0.709	0.709	0.707	0.704	0.702	0.57	0.565	
359	0.805	0.758	0.746	0.741	0.712	0.712	0.711	0.711	0.711	0.71	0.71	0.71	0.709	0.709	0.709	0.708	0.708	0.707	0.707	0.706	0.706	0.705	0.705	0.705	0.703	0.703	0.702	0.7	0.562	0.558	
360	0.803	0.793	0.749	0.736	0.727	0.722	0.718	0.716	0.716	0.715	0.714	0.713	0.713	0.713	0.711	0.711	0.711	0.711	0.71	0.709	0.709	0.709	0.708	0.707	0.707	0.706	0.702	0.701	0.563	0.551	
361	0.843	0.758	0.756	0.753	0.733	0.727	0.723	0.721	0.717	0.714	0.713	0.713	0.71	0.71	0.709	0.709	0.709	0.708	0.708	0.707	0.707	0.707	0.706	0.706	0.705	0.703	0.703	0.702	0.56	0.558	
362	0.791	0.757	0.742	0.732	0.719	0.719	0.715	0.714	0.714	0.712	0.712	0.712	0.711	0.711	0.709	0.709	0.708	0.708	0.707	0.707	0.706	0.706	0.706	0.705	0.704	0.703	0.703	0.702	0.574	0.569	
363	0.781	0.778	0.776	0.774	0.758	0.754	0.75	0.75	0.747	0.744	0.712	0.711	0.711	0.71	0.71	0.708	0.708	0.707	0.707	0.707	0.706	0.704	0.704	0.704	0.703	0.701	0.69	0.689	0.573	0.566	
364	0.806	0.801	0.76	0.756	0.748	0.742	0.719	0.714	0.713	0.713	0.713	0.712	0.712	0.711	0.711	0.71	0.71	0.709	0.709	0.707	0.707	0.706	0.705	0.705	0.703	0.703	0.7	0.697	0.562	0.555	
365	0.851	0.823	0.758	0.755	0.727	0.718	0.717	0.716	0.715	0.715	0.715	0.712	0.71	0.709	0.708	0.706	0.706	0.706	0.706	0.706	0.706	0.705	0.704	0.704	0.704	0.703	0.703	0.703	0.569	0.564	
366	0.809	0.766	0.736	0.736	0.733	0.728	0.723	0.721	0.714	0.714	0.714	0.714	0.713	0.712	0.712	0.712	0.712	0.712	0.711	0.711	0.71	0.705	0.705	0.704	0.702	0.702	0.7	0.7	0.566	0.565	
367	0.821	0.758	0.751	0.743	0.725	0.725	0.724	0.723	0.722	0.72	0.717	0.716	0.713	0.712	0.712	0.711	0.711	0.711	0.71	0.709	0.709	0.708	0.708	0.707	0.707	0.706	0.706	0.705	0.559	0.554	
368	0.767	0.753	0.745	0.737	0.714	0.713	0.712	0.712	0.711	0.711	0.71	0.71	0.709	0.709	0.709	0.709	0.709	0.706	0.706	0.706	0.706	0.705	0.705	0.705	0.704	0.704	0.703	0.7	0.558	0.557	
369	0.815	0.804	0.74	0.734	0.724	0.714	0.714	0.713	0.713	0.713	0.712	0.712	0.712	0.71	0.71	0.71	0.71	0.71	0.71	0.709	0.708	0.708	0.708	0.707	0.707	0.706	0.705	0.701	0.572	0.571	
370	0.763	0.763	0.754	0.752	0.721	0.718	0.713	0.713	0.713	0.712	0.712	0.711	0.711	0.709	0.709	0.709	0.708	0.708	0.707	0.707	0.707	0.707	0.706	0.704	0.704	0.701	0.701	0.697	0.556	0.555	
371	0.753	0.753	0.751	0.749	0.748	0.738	0.738	0.732	0.724	0.719	0.718	0.717	0.716	0.715	0.712	0.71	0.709	0.708	0.708	0.708	0.707	0.706	0.706	0.705	0.703	0.702	0.701	0.698	0.561	0.559	
372	0.797	0.772	0.751	0.747	0.742	0.732	0.718	0.717	0.713	0.712	0.711	0.711	0.711	0.71	0.71	0.71	0.71	0.709	0.706	0.706	0.706	0.705	0.705	0.704	0.703	0.701	0.7	0.699	0.578	0.577	
373	0.798	0.739	0.739	0.732	0.726	0.724	0.716	0.715	0.715	0.714	0.713	0.713	0.712	0.712	0.712	0.71	0.71	0.709	0.709	0.707	0.706	0.705	0.705	0.704	0.704	0.704	0.703	0.701	0.563	0.561	
374	0.772	0.77	0.768	0.76	0.717	0.715	0.715	0.713	0.71	0.71	0.71	0.71	0.71	0.709	0.709	0.709	0.707	0.707	0.707	0.707	0.707	0.707	0.706	0.706	0.705	0.704	0.704	0.702	0.559	0.554	
375	0.783	0.77	0.764	0.759	0.72	0.719	0.718	0.717	0.713	0.712	0.712	0.711	0.711	0.71	0.71	0.71	0.71	0.709	0.709	0.709	0.708	0.708	0.707	0.706	0.705	0.702	0.701	0.698	0.559	0.556	
376	0.8	0.763	0.756	0.753	0.73	0.72	0.718	0.717	0.716	0.715	0.715	0.714	0.714	0.711	0.711	0.71	0.71	0.709	0.709	0.708	0.708	0.707	0.706	0.704	0.704	0.703	0.699	0.698	0.561	0.558	
377	0.785	0.778	0.758	0.749	0.748	0.745	0.715	0.714	0.713	0.713	0.713	0.712	0.711	0.71	0.71	0.709	0.707	0.707	0.706	0.706	0.704	0.704	0.703	0.7	0.696	0.695	0.694	0.691	0.559	0.551	
378	0.818	0.742	0.735	0.723	0.722	0.719	0.719	0.718	0.717	0.715	0.714	0.714	0.713	0.712	0.712	0.712	0.711	0.71	0.71	0.709	0.709	0.708	0.708	0.708	0.708	0.703	0.703	0.7	0.561	0.561	
379	0.806	0.791	0.787	0.748	0.743	0.742	0.738	0.737	0.734	0.73	0.724	0.718	0.718	0.717	0.707	0.706	0.706	0.706	0.706	0.705	0.703	0.703	0.703	0.702	0.701	0.7	0.684	0.683	0.584	0.578	
380	0.836	0.811	0.808	0.752	0.75	0.742	0.722	0.719	0.718	0.717	0.715	0.715	0.714	0.711	0.71	0.709	0.709	0.709	0.708	0.708	0.707	0.707	0.706	0.706	0.705	0.704	0.704	0.703	0.578	0.559	
381	0.803	0.795	0.782	0.766	0.746	0.738	0.725	0.724	0.722	0.718	0.714	0.713	0.712	0.711	0.711	0.71	0.71	0.709	0.709	0.708	0.708	0.707	0.707	0.706	0.706	0.705	0.705	0.703	0.572	0.572	
382	0.813	0.808	0.734	0.731	0.72	0.72	0.717	0.716	0.716	0.714	0.714	0.714	0.714	0.713	0.712	0.71	0.71	0.71	0.71	0.709	0.709	0.709	0.708	0.708	0.708	0.708	0.708	0.707	0.571	0.569	
383	0.812	0.803	0.791	0.783	0.715	0.714	0.713	0.713	0.711	0.711	0.711	0.71	0.71	0.71	0.709	0.708	0.708	0.707	0.707	0.707	0.706	0.706	0.706	0.706	0.705	0.705	0.704	0.7	0.562	0.557	
384	0.813	0.761	0.745	0.743	0.726	0.719	0.718	0.717	0.717	0.717	0.715	0.713	0.713	0.711	0.711	0.711	0.711	0.711	0.71	0.709	0.709	0.709	0.709	0.706	0.706	0.705	0.705	0.701	0.564	0.562	
385	0.781	0.752	0.748	0.746	0.722	0.72	0.717	0.716	0.713	0.713	0.713	0.712	0.711	0.71	0.709	0.709	0.709	0.708	0.707	0.707	0.706	0.705	0.705	0.704	0.704	0.704	0.702	0.701	0.556	0.555	
386	0.758	0.757	0.754	0.746	0.721	0.72	0.719	0.711	0.711	0.71	0.71	0.71	0.709	0.708	0.708	0.707	0.705	0.705	0.705	0.705	0.704	0.704	0.703	0.703	0.702	0.701	0.701	0.7	0.562	0.561	
387	0.84	0.77	0.741	0.74	0.719	0.714	0.713	0.712	0.712	0.71	0.71	0.71	0.71	0.709	0.709	0.709	0.709	0.709	0.708	0.708	0.708	0.707	0.707	0.706	0.705	0.705	0.704	0.703	0.57	0.567	
388	0.821	0.815	0.734	0.733	0.726	0.718	0.715	0.715	0.715	0.715	0.714	0.713	0.713	0.712	0.712	0.711	0.711	0.711	0.711	0.71	0.71	0.709	0.709	0.708	0.707	0.706	0.705	0.704	0.567	0.566	
389	0.826	0.808	0.737	0.732	0.72	0.719	0.717	0.716	0.715	0.715	0.715	0.714	0.714	0.714	0.713	0.713	0.712	0.712	0.711	0.711	0.71	0.71	0.71	0.709	0.709	0.708	0.707	0.706	0.577	0.571	
390	0.822	0.787	0.775	0.759	0.745	0.737	0.724	0.721	0.718	0.717	0.716	0.715	0.714	0.714	0.712	0.71	0.71	0.71	0.709	0.708	0.706	0.705	0.705	0.705	0.704	0.703	0.693	0.693	0.583	0.582	
391	0.831	0.756	0.743	0.741	0.727	0.725	0.721	0.719	0.715	0.713	0.713	0.713	0.713	0.712	0.712	0.712	0.712	0.711	0.71	0.71	0.709	0.709	0.708	0.707	0.705	0.705	0.704	0.702	0.561	0.56	
392	0.778	0.77	0.754	0.736	0.718	0.716	0.715	0.714	0.714	0.713	0.712	0.712	0.711	0.711	0.71	0.71	0.709	0.709	0.708	0.708	0.708	0.707	0.707	0.706	0.705	0.705	0.704	0.701	0.56	0.557	
393	0.815	0.803	0.799	0.788	0.761	0.757	0.734	0.732	0.73	0.726	0.723	0.722	0.717	0.716	0.715	0.714	0.713	0.713	0.713	0.712	0.711	0.709	0.709	0.706	0.703	0.703	0.703	0.697	0.586	0.559	
394	0.834	0.747	0.729	0.727	0.726	0.724	0.718	0.716	0.715	0.714	0.714	0.714	0.714	0.713	0.712	0.711	0.711	0.71	0.71	0.71	0.71	0.709	0.708	0.706	0.706	0.705	0.704	0.703	0.568	0.568	
395	0.857	0.818	0.744	0.727	0.715	0.715	0.714	0.714	0.713	0.713	0.713	0.712	0.712	0.711	0.711	0.709	0.709	0.708	0.707	0.707	0.707	0.707	0.707	0.707	0.706	0.705	0.705	0.704	0.578	0.573	
396	0.802	0.777	0.777	0.772	0.753	0.739	0.726	0.722	0.717	0.716	0.714	0.714	0.713	0.712	0.711	0.71	0.71	0.709	0.709	0.708	0.707	0.707	0.707	0.707	0.706	0.706	0.705	0.705	0.587	0.581	
397	0.794	0.787	0.78	0.772	0.768	0.759	0.754	0.746	0.738	0.735	0.734	0.715	0.715	0.712	0.711	0.711	0.71	0.708	0.708	0.708	0.708	0.707	0.707	0.707	0.706	0.706	0.706	0.704	0.569	0.549	
398	0.821	0.777	0.756	0.74	0.721	0.717	0.717	0.716	0.714	0.714	0.713	0.713	0.713	0.712	0.712	0.712	0.711	0.711	0.71	0.709	0.709	0.709	0.708	0.707	0.707	0.706	0.705	0.702	0.61	0.561	
399	0.824	0.817	0.765	0.755	0.75	0.745	0.732	0.721	0.717	0.715	0.715	0.715	0.714	0.714	0.713	0.713	0.711	0.711	0.711	0.71	0.71	0.71	0.71	0.71	0.707	0.704	0.699	0.698	0.577	0.557	
400	0.757	0.748	0.745	0.736	0.733	0.727	0.716	0.715	0.715	0.713	0.713	0.712	0.711	0.711	0.711	0.71	0.71	0.71	0.71	0.709	0.709	0.708	0.707	0.707	0.704	0.702	0.699	0.693	0.563	0.562	
401	0.824	0.759	0.756	0.745	0.736	0.732	0.73	0.73	0.719	0.715	0.715	0.714	0.71	0.71	0.71	0.71	0.709	0.709	0.709	0.709	0.708	0.708	0.707	0.707	0.706	0.706	0.702	0.701	0.569	0.558	
402	0.819	0.77	0.754	0.748	0.725	0.724	0.724	0.719	0.717	0.714	0.714	0.713	0.713	0.712	0.712	0.711	0.711	0.71	0.71	0.71	0.71	0.709	0.708	0.708	0.708	0.707	0.707	0.707	0.571	0.556	
403	0.777	0.774	0.771	0.747	0.747	0.747	0.716	0.715	0.714	0.713	0.712	0.712	0.712	0.711	0.711	0.711	0.709	0.709	0.708	0.708	0.708	0.707	0.707	0.706	0.706	0.706	0.704	0.699	0.57	0.562	
404	0.806	0.774	0.755	0.75	0.717	0.716	0.714	0.714	0.714	0.713	0.713	0.713	0.713	0.712	0.712	0.711	0.711	0.711	0.71	0.709	0.709	0.709	0.708	0.708	0.707	0.706	0.706	0.706	0.56	0.559	
405	0.816	0.766	0.759	0.758	0.752	0.742	0.731	0.72	0.72	0.715	0.715	0.714	0.714	0.713	0.713	0.713	0.712	0.71	0.71	0.709	0.708	0.706	0.706	0.705	0.705	0.703	0.701	0.7	0.565	0.55	
406	0.818	0.783	0.766	0.746	0.715	0.714	0.714	0.714	0.714	0.713	0.713	0.713	0.71	0.71	0.709	0.709	0.708	0.708	0.707	0.707	0.706	0.706	0.706	0.706	0.706	0.705	0.705	0.704	0.563	0.559	
407	0.813	0.776	0.75	0.732	0.725	0.72	0.718	0.717	0.714	0.713	0.713	0.713	0.712	0.71	0.709	0.709	0.709	0.709	0.709	0.708	0.708	0.707	0.707	0.706	0.705	0.704	0.704	0.704	0.566	0.56	
408	0.813	0.758	0.757	0.756	0.73	0.726	0.722	0.717	0.717	0.713	0.713	0.713	0.713	0.713	0.712	0.712	0.712	0.712	0.712	0.712	0.71	0.71	0.708	0.707	0.707	0.705	0.704	0.703	0.562	0.558	
409	0.788	0.767	0.758	0.748	0.747	0.722	0.716	0.715	0.714	0.714	0.713	0.713	0.712	0.712	0.711	0.709	0.709	0.709	0.708	0.706	0.706	0.706	0.705	0.704	0.703	0.702	0.7	0.7	0.567	0.564	
410	0.759	0.757	0.743	0.73	0.728	0.728	0.722	0.717	0.717	0.716	0.713	0.712	0.712	0.711	0.711	0.71	0.71	0.709	0.709	0.709	0.709	0.709	0.709	0.707	0.706	0.705	0.705	0.703	0.585	0.585	
411	0.897	0.836	0.825	0.774	0.738	0.729	0.725	0.721	0.72	0.716	0.715	0.715	0.714	0.713	0.712	0.712	0.712	0.712	0.711	0.711	0.71	0.709	0.709	0.709	0.708	0.708	0.706	0.704	0.571	0.557	
412	0.811	0.791	0.779	0.754	0.736	0.727	0.717	0.715	0.715	0.713	0.712	0.711	0.711	0.71	0.709	0.709	0.708	0.707	0.707	0.707	0.706	0.706	0.706	0.705	0.705	0.703	0.701	0.7	0.57	0.56	
413	0.785	0.761	0.759	0.741	0.718	0.717	0.714	0.714	0.714	0.713	0.713	0.712	0.711	0.711	0.711	0.711	0.711	0.71	0.71	0.71	0.71	0.709	0.709	0.708	0.707	0.705	0.705	0.703	0.558	0.557	
414	0.782	0.752	0.749	0.736	0.731	0.714	0.714	0.713	0.713	0.712	0.712	0.712	0.712	0.711	0.71	0.71	0.71	0.71	0.71	0.709	0.707	0.707	0.706	0.706	0.706	0.705	0.701	0.699	0.564	0.557	
415	0.907	0.896	0.792	0.731	0.727	0.727	0.725	0.724	0.722	0.72	0.72	0.719	0.718	0.718	0.718	0.717	0.717	0.717	0.715	0.715	0.714	0.714	0.713	0.711	0.71	0.71	0.709	0.707	0.588	0.57	
416	0.809	0.755	0.746	0.731	0.728	0.724	0.721	0.72	0.718	0.715	0.713	0.713	0.713	0.712	0.711	0.711	0.71	0.709	0.708	0.707	0.706	0.706	0.705	0.704	0.703	0.703	0.702	0.702	0.568	0.561	
417	0.826	0.796	0.774	0.759	0.757	0.74	0.724	0.724	0.722	0.719	0.716	0.716	0.713	0.712	0.711	0.711	0.711	0.71	0.71	0.71	0.708	0.708	0.707	0.705	0.703	0.703	0.699	0.698	0.562	0.559	
418	0.835	0.819	0.748	0.737	0.727	0.719	0.718	0.717	0.717	0.716	0.715	0.715	0.714	0.714	0.712	0.712	0.712	0.711	0.711	0.71	0.709	0.708	0.707	0.707	0.707	0.706	0.706	0.703	0.589	0.582	
419	0.761	0.752	0.75	0.748	0.715	0.714	0.712	0.711	0.711	0.711	0.71	0.709	0.709	0.709	0.709	0.708	0.708	0.707	0.707	0.707	0.706	0.706	0.706	0.706	0.705	0.704	0.703	0.703	0.56	0.552	
420	0.841	0.795	0.785	0.758	0.756	0.729	0.726	0.725	0.716	0.715	0.715	0.713	0.712	0.712	0.712	0.712	0.712	0.712	0.712	0.711	0.711	0.707	0.707	0.706	0.705	0.703	0.702	0.698	0.622	0.557	
421	0.821	0.815	0.809	0.797	0.795	0.795	0.791	0.787	0.787	0.787	0.786	0.786	0.785	0.784	0.783	0.782	0.782	0.78	0.78	0.779	0.779	0.779	0.773	0.749	0.713	0.712	0.71	0.708	0.622	0.615	
422	0.838	0.818	0.791	0.789	0.785	0.785	0.785	0.784	0.784	0.783	0.783	0.781	0.78	0.779	0.778	0.778	0.778	0.777	0.776	0.772	0.771	0.768	0.759	0.714	0.712	0.712	0.71	0.702	0.634	0.614	
423	0.813	0.806	0.794	0.794	0.793	0.792	0.79	0.787	0.786	0.786	0.785	0.785	0.784	0.783	0.783	0.782	0.781	0.781	0.78	0.78	0.779	0.775	0.774	0.754	0.704	0.704	0.704	0.703	0.618	0.608	
424	0.834	0.827	0.824	0.813	0.801	0.797	0.788	0.786	0.785	0.785	0.785	0.784	0.783	0.783	0.783	0.782	0.782	0.782	0.781	0.779	0.776	0.775	0.775	0.772	0.708	0.706	0.706	0.702	0.62	0.614	
425	0.828	0.823	0.805	0.802	0.788	0.786	0.784	0.783	0.783	0.783	0.782	0.781	0.779	0.779	0.779	0.779	0.778	0.778	0.778	0.777	0.777	0.777	0.773	0.771	0.724	0.722	0.721	0.717	0.618	0.618	
426	0.842	0.836	0.817	0.803	0.792	0.791	0.784	0.783	0.782	0.782	0.78	0.78	0.78	0.779	0.779	0.778	0.777	0.777	0.776	0.775	0.772	0.769	0.769	0.766	0.719	0.718	0.709	0.708	0.629	0.616	
427	0.816	0.813	0.802	0.798	0.796	0.795	0.795	0.789	0.787	0.785	0.784	0.784	0.783	0.783	0.782	0.782	0.781	0.781	0.781	0.779	0.779	0.779	0.772	0.757	0.708	0.707	0.704	0.704	0.614	0.613	
428	0.834	0.818	0.796	0.794	0.79	0.789	0.788	0.785	0.785	0.783	0.783	0.783	0.783	0.782	0.781	0.78	0.779	0.778	0.778	0.778	0.773	0.773	0.755	0.71	0.708	0.706	0.705	0.704	0.627	0.619	
429	0.839	0.818	0.808	0.805	0.796	0.789	0.788	0.786	0.786	0.785	0.785	0.784	0.782	0.781	0.781	0.78	0.78	0.779	0.779	0.779	0.775	0.773	0.772	0.766	0.725	0.722	0.716	0.714	0.619	0.617	
430	0.831	0.818	0.813	0.791	0.787	0.785	0.784	0.784	0.784	0.784	0.783	0.782	0.782	0.782	0.78	0.779	0.779	0.779	0.778	0.777	0.777	0.774	0.773	0.766	0.712	0.711	0.71	0.708	0.622	0.618	
431	0.829	0.817	0.787	0.786	0.786	0.785	0.785	0.784	0.783	0.783	0.783	0.783	0.783	0.783	0.782	0.781	0.781	0.781	0.781	0.779	0.779	0.766	0.762	0.717	0.717	0.715	0.715	0.702	0.62	0.611	
432	0.822	0.816	0.806	0.791	0.788	0.785	0.784	0.783	0.783	0.783	0.782	0.782	0.782	0.781	0.781	0.781	0.781	0.78	0.779	0.778	0.776	0.776	0.774	0.75	0.712	0.711	0.71	0.706	0.622	0.617	
433	0.828	0.828	0.816	0.807	0.805	0.803	0.8	0.799	0.795	0.792	0.787	0.787	0.786	0.786	0.786	0.785	0.782	0.781	0.781	0.78	0.78	0.779	0.776	0.758	0.707	0.705	0.705	0.703	0.625	0.621	
434	0.831	0.815	0.804	0.796	0.795	0.793	0.789	0.784	0.784	0.784	0.783	0.782	0.781	0.78	0.78	0.779	0.778	0.778	0.778	0.778	0.776	0.776	0.77	0.767	0.712	0.71	0.709	0.706	0.612	0.609	
435	0.85	0.833	0.793	0.791	0.791	0.79	0.79	0.785	0.785	0.785	0.785	0.784	0.784	0.784	0.783	0.782	0.781	0.781	0.781	0.778	0.778	0.776	0.756	0.744	0.706	0.705	0.704	0.703	0.616	0.616	
436	0.817	0.813	0.802	0.8	0.798	0.789	0.788	0.785	0.784	0.783	0.781	0.781	0.781	0.78	0.78	0.78	0.779	0.778	0.778	0.778	0.776	0.773	0.77	0.76	0.714	0.713	0.712	0.71	0.619	0.617	
437	0.829	0.818	0.817	0.786	0.786	0.786	0.785	0.784	0.783	0.783	0.783	0.781	0.781	0.78	0.779	0.778	0.778	0.778	0.778	0.776	0.776	0.776	0.773	0.751	0.709	0.709	0.709	0.704	0.637	0.627	
438	0.841	0.823	0.816	0.81	0.784	0.784	0.783	0.783	0.783	0.783	0.782	0.782	0.781	0.781	0.781	0.78	0.78	0.78	0.779	0.778	0.778	0.776	0.774	0.764	0.714	0.711	0.709	0.705	0.612	0.611	
439	0.851	0.838	0.834	0.79	0.788	0.787	0.786	0.786	0.785	0.785	0.785	0.783	0.783	0.782	0.782	0.782	0.782	0.78	0.78	0.779	0.779	0.778	0.776	0.762	0.706	0.705	0.704	0.702	0.625	0.605	
440	0.824	0.807	0.798	0.796	0.795	0.793	0.79	0.786	0.785	0.783	0.782	0.782	0.781	0.78	0.779	0.779	0.779	0.778	0.777	0.777	0.777	0.776	0.773	0.75	0.713	0.709	0.709	0.705	0.618	0.616	
441	0.819	0.814	0.801	0.795	0.791	0.791	0.79	0.79	0.786	0.784	0.784	0.783	0.783	0.782	0.781	0.781	0.779	0.779	0.778	0.778	0.777	0.775	0.772	0.752	0.713	0.713	0.712	0.71	0.614	0.605	
442	0.827	0.825	0.817	0.813	0.81	0.786	0.785	0.785	0.784	0.784	0.782	0.781	0.781	0.781	0.778	0.777	0.777	0.776	0.776	0.776	0.773	0.772	0.76	0.758	0.717	0.709	0.707	0.704	0.631	0.626	
443	0.881	0.878	0.819	0.819	0.814	0.813	0.807	0.789	0.787	0.786	0.786	0.786	0.785	0.784	0.784	0.783	0.783	0.782	0.781	0.78	0.78	0.779	0.778	0.76	0.718	0.717	0.704	0.703	0.617	0.617	
444	0.826	0.815	0.804	0.791	0.789	0.787	0.785	0.785	0.784	0.784	0.783	0.783	0.782	0.781	0.781	0.781	0.78	0.779	0.778	0.778	0.777	0.776	0.772	0.757	0.72	0.714	0.713	0.713	0.626	0.615	
445	0.846	0.846	0.825	0.825	0.817	0.805	0.805	0.798	0.793	0.793	0.787	0.786	0.783	0.78	0.779	0.779	0.779	0.779	0.779	0.779	0.777	0.776	0.774	0.774	0.715	0.714	0.713	0.713	0.617	0.559	
446	0.842	0.841	0.831	0.804	0.796	0.791	0.788	0.786	0.784	0.784	0.783	0.781	0.78	0.779	0.779	0.779	0.778	0.778	0.778	0.776	0.773	0.769	0.749	0.731	0.715	0.714	0.704	0.703	0.625	0.617	
447	0.821	0.817	0.794	0.791	0.79	0.79	0.789	0.787	0.786	0.785	0.785	0.784	0.784	0.784	0.783	0.783	0.783	0.782	0.781	0.781	0.781	0.778	0.776	0.707	0.706	0.705	0.704	0.703	0.625	0.608	
448	0.83	0.811	0.806	0.802	0.789	0.787	0.786	0.784	0.784	0.784	0.782	0.78	0.78	0.779	0.779	0.778	0.778	0.778	0.777	0.777	0.776	0.774	0.774	0.772	0.712	0.711	0.71	0.705	0.631	0.628	
449	0.826	0.818	0.815	0.807	0.801	0.789	0.786	0.785	0.784	0.783	0.783	0.782	0.782	0.78	0.78	0.779	0.778	0.778	0.777	0.776	0.776	0.773	0.772	0.746	0.711	0.709	0.708	0.708	0.621	0.616	
450	0.834	0.819	0.803	0.787	0.785	0.785	0.784	0.784	0.783	0.783	0.783	0.782	0.782	0.78	0.78	0.779	0.778	0.777	0.777	0.777	0.776	0.775	0.772	0.748	0.733	0.722	0.718	0.711	0.616	0.613	
451	0.851	0.812	0.807	0.806	0.804	0.801	0.796	0.796	0.793	0.788	0.786	0.786	0.786	0.786	0.786	0.783	0.782	0.782	0.782	0.781	0.779	0.773	0.772	0.726	0.708	0.704	0.704	0.704	0.625	0.613	
452	0.829	0.816	0.793	0.786	0.786	0.785	0.785	0.785	0.785	0.785	0.783	0.782	0.782	0.78	0.78	0.779	0.779	0.778	0.778	0.778	0.777	0.774	0.764	0.743	0.713	0.711	0.709	0.708	0.624	0.616	
453	0.831	0.815	0.796	0.795	0.795	0.792	0.788	0.785	0.785	0.785	0.784	0.783	0.782	0.781	0.78	0.78	0.779	0.779	0.778	0.778	0.777	0.776	0.759	0.748	0.72	0.709	0.709	0.708	0.623	0.618	
454	0.816	0.813	0.812	0.803	0.793	0.788	0.788	0.787	0.787	0.787	0.786	0.785	0.784	0.784	0.783	0.782	0.782	0.781	0.781	0.779	0.777	0.777	0.776	0.772	0.771	0.756	0.701	0.696	0.631	0.628	
455	0.829	0.826	0.8	0.796	0.795	0.79	0.79	0.785	0.784	0.784	0.784	0.783	0.783	0.783	0.783	0.782	0.782	0.781	0.781	0.78	0.78	0.779	0.777	0.76	0.753	0.708	0.704	0.702	0.614	0.612	
456	0.855	0.831	0.831	0.827	0.824	0.821	0.818	0.803	0.798	0.786	0.786	0.785	0.785	0.784	0.783	0.782	0.78	0.78	0.78	0.779	0.778	0.777	0.771	0.756	0.735	0.731	0.725	0.723	0.618	0.612	
457	0.828	0.826	0.818	0.817	0.814	0.794	0.791	0.788	0.788	0.787	0.785	0.784	0.784	0.782	0.78	0.78	0.779	0.779	0.779	0.779	0.778	0.778	0.778	0.743	0.715	0.715	0.712	0.711	0.619	0.615	
458	1.301	1.284	1.253	1.221	1.111	1.106	1.084	1.082	1.007	0.996	0.968	0.952	0.891	0.887	0.875	0.844	0.839	0.834	0.826	0.823	0.818	0.807	0.799	0.796	0.792	0.716	0.714	0.714	0.714	0.709	
459	0.856	0.855	0.851	0.842	0.795	0.778	0.775	0.756	0.745	0.744	0.742	0.742	0.737	0.736	0.735	0.733	0.733	0.732	0.731	0.729	0.719	0.718	0.718	0.713	0.709	0.708	0.689	0.684	0.622	0.6	
460	1.148	1.126	0.921	0.919	0.752	0.747	0.732	0.73	0.724	0.723	0.721	0.719	0.719	0.714	0.714	0.713	0.713	0.712	0.711	0.71	0.71	0.71	0.71	0.709	0.706	0.706	0.705	0.704	0.593	0.589	
461	0.797	0.754	0.752	0.744	0.724	0.721	0.716	0.715	0.715	0.714	0.713	0.713	0.713	0.712	0.712	0.711	0.711	0.71	0.71	0.71	0.71	0.71	0.709	0.709	0.709	0.709	0.709	0.705	0.574	0.573	
462	1.118	1.075	0.838	0.832	0.821	0.82	0.813	0.78	0.78	0.758	0.744	0.741	0.719	0.717	0.714	0.714	0.713	0.713	0.713	0.712	0.712	0.711	0.711	0.71	0.708	0.707	0.707	0.706	0.594	0.591	
463	0.854	0.847	0.845	0.832	0.809	0.766	0.759	0.747	0.718	0.717	0.716	0.716	0.716	0.714	0.713	0.713	0.712	0.712	0.711	0.711	0.711	0.711	0.71	0.71	0.709	0.708	0.707	0.707	0.559	0.556	
464	0.849	0.848	0.848	0.832	0.794	0.77	0.764	0.761	0.729	0.727	0.724	0.724	0.723	0.723	0.722	0.721	0.718	0.716	0.715	0.714	0.713	0.712	0.711	0.71	0.71	0.709	0.706	0.706	0.56	0.556	
465	0.864	0.841	0.837	0.836	0.834	0.818	0.818	0.763	0.725	0.723	0.722	0.721	0.719	0.712	0.711	0.711	0.711	0.71	0.709	0.709	0.708	0.707	0.706	0.706	0.706	0.705	0.705	0.701	0.567	0.562	
466	0.875	0.875	0.839	0.837	0.836	0.835	0.828	0.748	0.722	0.721	0.719	0.718	0.716	0.715	0.715	0.715	0.714	0.712	0.71	0.71	0.71	0.71	0.708	0.708	0.708	0.706	0.703	0.703	0.58	0.55	
467	0.863	0.859	0.858	0.855	0.852	0.84	0.741	0.738	0.728	0.715	0.715	0.714	0.714	0.714	0.714	0.713	0.713	0.713	0.713	0.713	0.711	0.709	0.709	0.708	0.707	0.705	0.704	0.7	0.572	0.569	
468	0.978	0.977	0.805	0.802	0.8	0.796	0.743	0.74	0.736	0.726	0.725	0.716	0.713	0.713	0.711	0.71	0.709	0.709	0.709	0.708	0.706	0.705	0.705	0.703	0.702	0.7	0.692	0.689	0.623	0.621	
469	1.04	1.039	0.849	0.844	0.804	0.781	0.78	0.754	0.72	0.719	0.718	0.716	0.713	0.713	0.712	0.712	0.712	0.711	0.71	0.709	0.709	0.709	0.708	0.708	0.707	0.707	0.706	0.705	0.586	0.583	
470	0.828	0.821	0.815	0.811	0.808	0.759	0.748	0.747	0.726	0.722	0.721	0.719	0.715	0.714	0.714	0.713	0.713	0.712	0.711	0.71	0.709	0.709	0.708	0.707	0.707	0.706	0.705	0.704	0.571	0.569	
471	0.911	0.906	0.897	0.87	0.85	0.849	0.837	0.835	0.721	0.719	0.717	0.716	0.716	0.715	0.715	0.714	0.714	0.713	0.713	0.713	0.712	0.71	0.708	0.707	0.707	0.706	0.701	0.7	0.569	0.557	
472	1.111	1.108	0.814	0.811	0.777	0.77	0.735	0.735	0.729	0.727	0.726	0.721	0.718	0.715	0.715	0.714	0.713	0.713	0.711	0.711	0.711	0.708	0.708	0.708	0.707	0.707	0.702	0.691	0.607	0.599	
473	0.863	0.862	0.86	0.859	0.817	0.804	0.798	0.748	0.743	0.735	0.73	0.727	0.714	0.713	0.712	0.712	0.711	0.711	0.71	0.71	0.709	0.708	0.706	0.706	0.705	0.704	0.703	0.697	0.638	0.558	
474	0.898	0.891	0.843	0.82	0.801	0.798	0.793	0.79	0.786	0.785	0.784	0.783	0.783	0.783	0.782	0.781	0.781	0.781	0.779	0.779	0.779	0.778	0.778	0.776	0.775	0.774	0.774	0.745	0.631	0.615	
475	0.983	0.972	0.884	0.859	0.849	0.838	0.806	0.797	0.795	0.792	0.79	0.788	0.786	0.784	0.783	0.781	0.781	0.781	0.78	0.779	0.778	0.778	0.778	0.777	0.776	0.776	0.773	0.772	0.619	0.614	
476	0.907	0.904	0.9	0.835	0.832	0.822	0.802	0.802	0.798	0.793	0.792	0.791	0.79	0.79	0.789	0.788	0.788	0.787	0.787	0.786	0.785	0.785	0.784	0.784	0.782	0.779	0.777	0.735	0.626	0.622	
477	1.099	0.971	0.965	0.93	0.834	0.821	0.797	0.795	0.793	0.793	0.792	0.792	0.792	0.789	0.788	0.786	0.786	0.784	0.784	0.783	0.783	0.782	0.782	0.781	0.781	0.773	0.763	0.733	0.627	0.622	
478	1.178	1.165	0.907	0.887	0.835	0.824	0.792	0.788	0.781	0.776	0.776	0.775	0.771	0.771	0.77	0.77	0.769	0.769	0.769	0.767	0.767	0.765	0.764	0.764	0.761	0.76	0.757	0.757	0.655	0.621	
479	1.012	1.011	1.007	0.967	0.796	0.789	0.786	0.781	0.779	0.779	0.779	0.779	0.778	0.778	0.778	0.776	0.776	0.776	0.776	0.775	0.773	0.773	0.773	0.77	0.77	0.77	0.768	0.766	0.604	0.602	
480	0.963	0.944	0.943	0.942	0.803	0.8	0.793	0.793	0.791	0.78	0.78	0.778	0.778	0.777	0.777	0.776	0.776	0.776	0.776	0.774	0.774	0.773	0.772	0.772	0.771	0.769	0.739	0.726	0.624	0.614	
481	0.956	0.954	0.882	0.872	0.826	0.822	0.804	0.772	0.77	0.77	0.77	0.77	0.769	0.768	0.768	0.767	0.767	0.767	0.767	0.766	0.766	0.766	0.764	0.764	0.762	0.76	0.759	0.752	0.602	0.602	
482	0.981	0.957	0.942	0.916	0.798	0.793	0.789	0.778	0.772	0.77	0.769	0.768	0.767	0.766	0.766	0.766	0.766	0.766	0.765	0.765	0.765	0.765	0.765	0.765	0.765	0.764	0.763	0.737	0.603	0.596	
483	0.951	0.937	0.929	0.874	0.854	0.818	0.792	0.79	0.79	0.78	0.778	0.777	0.77	0.769	0.769	0.768	0.768	0.767	0.767	0.767	0.767	0.766	0.766	0.766	0.765	0.764	0.764	0.736	0.611	0.595	
484	0.962	0.957	0.947	0.858	0.822	0.814	0.791	0.787	0.785	0.782	0.772	0.771	0.769	0.769	0.769	0.769	0.768	0.767	0.766	0.765	0.765	0.764	0.763	0.763	0.763	0.763	0.763	0.759	0.607	0.595	
485	1.031	1.024	0.894	0.878	0.814	0.807	0.799	0.782	0.78	0.777	0.776	0.772	0.771	0.77	0.77	0.769	0.768	0.767	0.767	0.766	0.766	0.765	0.765	0.765	0.763	0.76	0.757	0.737	0.609	0.605	
486	1.045	1.031	0.947	0.888	0.819	0.814	0.798	0.797	0.792	0.786	0.781	0.781	0.777	0.776	0.773	0.773	0.77	0.769	0.768	0.768	0.768	0.768	0.767	0.767	0.767	0.765	0.765	0.765	0.618	0.613	
487	1.189	1.182	0.948	0.923	0.841	0.817	0.813	0.813	0.793	0.793	0.789	0.785	0.783	0.782	0.773	0.772	0.77	0.769	0.769	0.768	0.766	0.763	0.763	0.762	0.762	0.761	0.76	0.729	0.621	0.609	
488	0.974	0.964	0.943	0.89	0.81	0.797	0.795	0.795	0.774	0.774	0.77	0.77	0.77	0.769	0.768	0.768	0.765	0.765	0.764	0.764	0.764	0.764	0.764	0.763	0.762	0.762	0.759	0.759	0.603	0.599	
489	0.947	0.942	0.916	0.914	0.814	0.805	0.804	0.785	0.782	0.77	0.77	0.769	0.769	0.768	0.767	0.767	0.766	0.766	0.766	0.765	0.764	0.764	0.763	0.763	0.763	0.762	0.76	0.76	0.604	0.603	
490	1.161	1.153	0.97	0.967	0.791	0.787	0.782	0.782	0.777	0.776	0.776	0.774	0.772	0.77	0.769	0.769	0.769	0.768	0.767	0.766	0.766	0.765	0.765	0.764	0.763	0.761	0.759	0.711	0.628	0.608	
491	0.93	0.929	0.918	0.838	0.838	0.835	0.821	0.821	0.802	0.798	0.787	0.781	0.78	0.778	0.777	0.777	0.777	0.776	0.775	0.775	0.774	0.774	0.774	0.773	0.772	0.765	0.764	0.76	0.632	0.617	
492	0.994	0.982	0.961	0.956	0.813	0.8	0.79	0.789	0.785	0.785	0.783	0.781	0.778	0.778	0.777	0.776	0.775	0.774	0.773	0.773	0.773	0.771	0.771	0.77	0.77	0.768	0.766	0.746	0.616	0.606	
493	1.057	0.979	0.947	0.936	0.8	0.797	0.795	0.791	0.786	0.785	0.783	0.782	0.782	0.781	0.779	0.779	0.778	0.778	0.778	0.774	0.774	0.773	0.773	0.773	0.769	0.767	0.729	0.726	0.621	0.621	
494	0.981	0.974	0.916	0.907	0.849	0.842	0.785	0.782	0.782	0.78	0.779	0.779	0.779	0.778	0.777	0.776	0.776	0.776	0.775	0.774	0.773	0.773	0.772	0.772	0.771	0.768	0.767	0.734	0.628	0.623	
495	0.974	0.954	0.953	0.874	0.822	0.806	0.802	0.794	0.786	0.782	0.779	0.779	0.778	0.777	0.776	0.775	0.775	0.775	0.774	0.774	0.774	0.774	0.772	0.772	0.771	0.769	0.769	0.767	0.613	0.608	
496	0.982	0.973	0.968	0.956	0.806	0.798	0.797	0.783	0.779	0.779	0.778	0.778	0.777	0.777	0.777	0.776	0.775	0.775	0.774	0.774	0.772	0.771	0.771	0.77	0.77	0.769	0.767	0.732	0.618	0.609	
497	0.98	0.974	0.969	0.874	0.827	0.825	0.816	0.788	0.784	0.769	0.769	0.767	0.766	0.766	0.766	0.766	0.765	0.765	0.764	0.763	0.763	0.762	0.762	0.761	0.76	0.759	0.756	0.731	0.62	0.597	
498	1.002	0.996	0.987	0.925	0.802	0.784	0.782	0.773	0.771	0.756	0.74	0.739	0.738	0.737	0.737	0.737	0.736	0.735	0.735	0.734	0.734	0.732	0.732	0.731	0.73	0.73	0.725	0.72	0.585	0.585	
499	1.138	1.133	0.885	0.867	0.8	0.794	0.788	0.788	0.784	0.75	0.749	0.747	0.746	0.745	0.745	0.743	0.741	0.741	0.738	0.738	0.736	0.736	0.735	0.735	0.734	0.731	0.729	0.727	0.615	0.608	
500	1.135	1.135	0.896	0.889	0.812	0.784	0.783	0.748	0.747	0.745	0.744	0.742	0.74	0.739	0.737	0.737	0.737	0.737	0.737	0.737	0.735	0.735	0.735	0.73	0.729	0.729	0.728	0.728	0.602	0.593	
501	1.014	0.993	0.936	0.92	0.918	0.912	0.912	0.91	0.902	0.901	0.895	0.885	0.859	0.856	0.843	0.839	0.834	0.816	0.81	0.789	0.771	0.75	0.736	0.732	0.73	0.729	0.729	0.728	0.728	0.728	
502	1.166	1.121	1.117	1.105	1.008	0.931	0.919	0.917	0.764	0.751	0.751	0.751	0.749	0.748	0.746	0.746	0.743	0.741	0.74	0.739	0.738	0.735	0.735	0.735	0.733	0.732	0.731	0.728	0.649	0.606	
503	0.81	0.794	0.759	0.752	0.751	0.749	0.744	0.74	0.737	0.736	0.735	0.735	0.735	0.734	0.734	0.733	0.732	0.732	0.731	0.731	0.73	0.729	0.728	0.728	0.727	0.727	0.727	0.726	0.6	0.6	
504	0.796	0.76	0.744	0.743	0.741	0.736	0.736	0.735	0.734	0.734	0.734	0.733	0.732	0.731	0.731	0.731	0.731	0.73	0.73	0.73	0.73	0.73	0.729	0.729	0.729	0.729	0.729	0.729	0.571	0.569	
505	0.836	0.835	0.808	0.777	0.761	0.747	0.745	0.744	0.744	0.741	0.737	0.736	0.735	0.735	0.734	0.734	0.734	0.733	0.733	0.732	0.732	0.731	0.731	0.731	0.73	0.729	0.705	0.697	0.6	0.595	
506	0.804	0.782	0.754	0.75	0.745	0.744	0.743	0.742	0.742	0.739	0.739	0.738	0.738	0.738	0.737	0.736	0.736	0.736	0.735	0.733	0.733	0.733	0.733	0.731	0.731	0.73	0.729	0.722	0.578	0.573	
507	0.804	0.788	0.778	0.774	0.765	0.76	0.747	0.742	0.741	0.74	0.739	0.736	0.735	0.735	0.734	0.733	0.733	0.733	0.73	0.729	0.729	0.729	0.727	0.727	0.726	0.726	0.716	0.715	0.586	0.583	
508	0.793	0.755	0.751	0.75	0.747	0.747	0.742	0.74	0.739	0.738	0.738	0.737	0.736	0.735	0.735	0.734	0.734	0.734	0.732	0.732	0.732	0.73	0.729	0.729	0.729	0.725	0.725	0.721	0.589	0.589	
509	0.776	0.775	0.765	0.749	0.741	0.738	0.738	0.737	0.737	0.736	0.734	0.734	0.732	0.731	0.731	0.73	0.729	0.729	0.729	0.728	0.728	0.728	0.728	0.728	0.727	0.726	0.725	0.725	0.57	0.566	
510	0.85	0.824	0.768	0.766	0.754	0.74	0.739	0.738	0.738	0.737	0.737	0.735	0.735	0.735	0.734	0.733	0.732	0.732	0.73	0.73	0.729	0.729	0.729	0.728	0.728	0.727	0.726	0.726	0.587	0.587	
511	0.814	0.77	0.762	0.752	0.745	0.741	0.739	0.738	0.738	0.738	0.737	0.737	0.737	0.736	0.736	0.735	0.734	0.734	0.734	0.734	0.734	0.733	0.732	0.73	0.73	0.729	0.728	0.727	0.574	0.574	
512	0.846	0.832	0.781	0.752	0.75	0.748	0.745	0.743	0.743	0.741	0.737	0.736	0.736	0.736	0.735	0.735	0.735	0.734	0.734	0.733	0.731	0.73	0.73	0.729	0.729	0.729	0.725	0.725	0.589	0.582	
513	0.772	0.759	0.754	0.744	0.741	0.74	0.734	0.733	0.733	0.732	0.73	0.729	0.729	0.729	0.728	0.727	0.727	0.727	0.726	0.725	0.725	0.724	0.724	0.724	0.724	0.724	0.723	0.722	0.581	0.58	
514	0.806	0.766	0.765	0.753	0.74	0.739	0.732	0.731	0.73	0.73	0.729	0.729	0.728	0.728	0.728	0.727	0.727	0.726	0.726	0.726	0.726	0.725	0.725	0.724	0.723	0.722	0.721	0.721	0.58	0.579	
515	0.82	0.8	0.756	0.748	0.738	0.733	0.732	0.732	0.731	0.73	0.729	0.729	0.728	0.728	0.728	0.728	0.728	0.726	0.726	0.725	0.725	0.725	0.725	0.724	0.724	0.724	0.724	0.723	0.577	0.571	
516	0.824	0.822	0.762	0.758	0.751	0.751	0.744	0.742	0.74	0.739	0.735	0.733	0.733	0.732	0.732	0.731	0.73	0.73	0.728	0.728	0.727	0.726	0.725	0.725	0.725	0.725	0.723	0.721	0.584	0.584	
517	0.794	0.792	0.753	0.751	0.747	0.746	0.744	0.743	0.741	0.74	0.74	0.733	0.732	0.731	0.73	0.73	0.73	0.729	0.727	0.727	0.727	0.726	0.725	0.725	0.724	0.724	0.723	0.721	0.58	0.576	
518	0.796	0.791	0.778	0.775	0.748	0.744	0.733	0.731	0.731	0.73	0.73	0.73	0.729	0.729	0.729	0.728	0.728	0.728	0.727	0.726	0.726	0.724	0.724	0.724	0.724	0.721	0.716	0.713	0.61	0.591	
519	0.81	0.767	0.767	0.751	0.749	0.741	0.74	0.736	0.733	0.733	0.733	0.732	0.73	0.73	0.73	0.729	0.726	0.726	0.725	0.725	0.724	0.724	0.723	0.723	0.721	0.719	0.719	0.718	0.576	0.575	
520	0.837	0.792	0.763	0.762	0.753	0.745	0.741	0.737	0.737	0.732	0.732	0.732	0.731	0.729	0.728	0.728	0.728	0.728	0.727	0.727	0.727	0.726	0.726	0.725	0.725	0.725	0.722	0.721	0.58	0.58	
521	0.801	0.755	0.749	0.749	0.748	0.743	0.742	0.742	0.738	0.737	0.732	0.73	0.73	0.73	0.73	0.729	0.728	0.728	0.728	0.727	0.726	0.726	0.726	0.725	0.725	0.724	0.723	0.723	0.579	0.571	
522	0.828	0.775	0.769	0.767	0.764	0.749	0.746	0.746	0.745	0.743	0.741	0.736	0.736	0.734	0.733	0.729	0.729	0.726	0.726	0.726	0.725	0.725	0.725	0.724	0.723	0.723	0.723	0.723	0.578	0.575	
523	0.834	0.826	0.787	0.767	0.757	0.735	0.733	0.732	0.732	0.731	0.731	0.731	0.731	0.73	0.73	0.73	0.728	0.727	0.727	0.727	0.727	0.726	0.726	0.725	0.725	0.722	0.702	0.695	0.621	0.604	
524	0.766	0.765	0.752	0.739	0.734	0.733	0.732	0.732	0.731	0.731	0.731	0.731	0.73	0.73	0.729	0.728	0.728	0.728	0.727	0.727	0.726	0.726	0.725	0.725	0.725	0.725	0.724	0.723	0.573	0.573	
525	0.778	0.765	0.758	0.755	0.737	0.735	0.734	0.733	0.733	0.732	0.732	0.73	0.73	0.73	0.73	0.729	0.729	0.729	0.728	0.728	0.727	0.727	0.727	0.725	0.724	0.723	0.722	0.72	0.57	0.566	
526	0.821	0.798	0.758	0.757	0.746	0.744	0.741	0.741	0.739	0.735	0.733	0.732	0.731	0.731	0.73	0.73	0.73	0.729	0.728	0.727	0.727	0.727	0.727	0.726	0.725	0.725	0.723	0.722	0.587	0.577	
527	0.835	0.829	0.81	0.764	0.762	0.752	0.745	0.744	0.744	0.743	0.743	0.743	0.731	0.731	0.73	0.73	0.729	0.727	0.727	0.726	0.726	0.725	0.725	0.725	0.725	0.723	0.7	0.695	0.597	0.565	
528	0.819	0.76	0.75	0.747	0.739	0.738	0.733	0.732	0.73	0.73	0.73	0.729	0.729	0.729	0.728	0.728	0.728	0.728	0.726	0.725	0.725	0.725	0.724	0.724	0.724	0.723	0.722	0.721	0.599	0.594	
529	0.82	0.804	0.75	0.741	0.734	0.733	0.731	0.731	0.73	0.73	0.729	0.729	0.728	0.728	0.727	0.727	0.727	0.727	0.727	0.726	0.726	0.726	0.725	0.724	0.724	0.723	0.719	0.719	0.576	0.564	
530	0.806	0.774	0.77	0.758	0.74	0.73	0.729	0.729	0.729	0.729	0.728	0.728	0.727	0.727	0.726	0.726	0.726	0.726	0.725	0.724	0.723	0.723	0.723	0.723	0.722	0.722	0.72	0.72	0.574	0.573	
531	0.808	0.793	0.766	0.76	0.758	0.757	0.752	0.751	0.745	0.741	0.741	0.735	0.732	0.732	0.73	0.73	0.73	0.73	0.729	0.729	0.729	0.728	0.726	0.726	0.725	0.725	0.717	0.716	0.588	0.587	
532	0.807	0.792	0.785	0.78	0.772	0.766	0.76	0.758	0.754	0.746	0.741	0.735	0.734	0.733	0.732	0.731	0.729	0.729	0.729	0.728	0.728	0.726	0.726	0.723	0.723	0.723	0.721	0.717	0.572	0.571	
533	0.806	0.792	0.772	0.759	0.756	0.743	0.741	0.736	0.732	0.732	0.731	0.73	0.73	0.73	0.73	0.728	0.728	0.725	0.725	0.725	0.724	0.723	0.723	0.723	0.721	0.721	0.72	0.717	0.599	0.594	
534	0.819	0.77	0.757	0.752	0.736	0.734	0.734	0.733	0.733	0.732	0.731	0.73	0.73	0.729	0.729	0.729	0.729	0.728	0.728	0.728	0.728	0.726	0.726	0.726	0.726	0.725	0.725	0.724	0.572	0.571	
535	0.833	0.809	0.803	0.775	0.774	0.763	0.748	0.748	0.732	0.732	0.73	0.729	0.728	0.728	0.727	0.727	0.726	0.726	0.725	0.725	0.724	0.724	0.723	0.722	0.722	0.721	0.719	0.719	0.59	0.571	
536	0.807	0.801	0.771	0.755	0.752	0.75	0.747	0.745	0.744	0.741	0.74	0.739	0.737	0.737	0.736	0.733	0.732	0.731	0.729	0.727	0.727	0.726	0.726	0.724	0.724	0.723	0.72	0.719	0.578	0.569	
537	0.805	0.766	0.762	0.749	0.743	0.74	0.736	0.733	0.733	0.733	0.732	0.73	0.729	0.729	0.729	0.729	0.729	0.729	0.729	0.729	0.725	0.725	0.725	0.725	0.724	0.724	0.722	0.721	0.579	0.573	
538	0.798	0.768	0.764	0.754	0.752	0.743	0.735	0.734	0.734	0.734	0.733	0.731	0.731	0.731	0.73	0.73	0.73	0.729	0.729	0.728	0.728	0.728	0.728	0.726	0.725	0.724	0.724	0.721	0.589	0.587	
539	0.836	0.771	0.768	0.763	0.745	0.738	0.735	0.735	0.735	0.734	0.732	0.729	0.729	0.729	0.729	0.728	0.727	0.727	0.727	0.726	0.726	0.726	0.724	0.724	0.724	0.724	0.719	0.718	0.583	0.579	
540	0.835	0.806	0.773	0.768	0.745	0.741	0.74	0.739	0.734	0.732	0.731	0.73	0.73	0.729	0.729	0.729	0.729	0.728	0.728	0.727	0.727	0.727	0.726	0.726	0.725	0.723	0.722	0.718	0.59	0.587	
541	0.81	0.766	0.764	0.764	0.763	0.762	0.759	0.756	0.742	0.74	0.736	0.733	0.732	0.731	0.731	0.731	0.731	0.73	0.729	0.728	0.728	0.727	0.727	0.725	0.725	0.723	0.712	0.71	0.571	0.566	
542	0.864	0.813	0.809	0.787	0.786	0.755	0.751	0.746	0.741	0.738	0.735	0.734	0.732	0.731	0.731	0.731	0.731	0.73	0.73	0.729	0.728	0.728	0.727	0.727	0.725	0.72	0.709	0.709	0.602	0.59	
543	0.834	0.773	0.76	0.753	0.75	0.735	0.734	0.733	0.732	0.731	0.731	0.731	0.73	0.73	0.729	0.728	0.728	0.727	0.727	0.726	0.726	0.725	0.725	0.725	0.725	0.725	0.724	0.72	0.59	0.583	
544	0.833	0.828	0.762	0.762	0.751	0.748	0.736	0.733	0.733	0.732	0.731	0.73	0.73	0.73	0.729	0.727	0.727	0.727	0.727	0.726	0.726	0.725	0.725	0.724	0.724	0.724	0.721	0.719	0.577	0.577	
545	0.816	0.787	0.775	0.766	0.758	0.758	0.738	0.736	0.735	0.733	0.733	0.732	0.731	0.731	0.731	0.731	0.729	0.729	0.729	0.728	0.728	0.726	0.726	0.725	0.725	0.723	0.723	0.721	0.573	0.573	
546	0.849	0.817	0.781	0.781	0.764	0.743	0.742	0.741	0.737	0.737	0.732	0.731	0.73	0.73	0.729	0.728	0.728	0.728	0.726	0.726	0.725	0.724	0.724	0.723	0.723	0.72	0.72	0.714	0.583	0.575	
